window_id,source_pcap,predicted_label,actual_label,target_column
0,demo_http_flood.pcap#http_flood,abnormal,abnormal,binary_label
1,demo_http_flood.pcap#http_flood,abnormal,abnormal,binary_label
2,demo_http_flood.pcap#http_flood,abnormal,abnormal,binary_label
3,demo_http_flood.pcap#http_flood,abnormal,abnormal,binary_label
4,demo_http_flood.pcap#http_flood,abnormal,abnormal,binary_label
5,demo_http_flood.pcap#http_flood,abnormal,abnormal,binary_label
6,demo_http_flood.pcap#http_flood,abnormal,abnormal,binary_label
7,demo_http_flood.pcap#http_flood,abnormal,abnormal,binary_label
8,demo_http_flood.pcap#http_flood,abnormal,abnormal,binary_label
9,demo_http_flood.pcap#http_flood,abnormal,abnormal,binary_label
10,demo_http_flood.pcap#http_flood,abnormal,abnormal,binary_label
11,demo_http_flood.pcap#http_flood,abnormal,abnormal,binary_label
12,demo_http_flood.pcap#http_flood,abnormal,abnormal,binary_label
13,demo_http_flood.pcap#http_flood,abnormal,abnormal,binary_label
14,demo_http_flood.pcap#http_flood,abnormal,abnormal,binary_label
15,demo_http_flood.pcap#http_flood,abnormal,abnormal,binary_label
16,demo_http_flood.pcap#http_flood,abnormal,abnormal,binary_label
17,demo_http_flood.pcap#http_flood,abnormal,abnormal,binary_label
18,demo_http_flood.pcap#http_flood,abnormal,abnormal,binary_label
19,demo_http_flood.pcap#http_flood,abnormal,abnormal,binary_label
20,demo_http_flood.pcap#http_flood,abnormal,abnormal,binary_label
21,demo_http_flood.pcap#http_flood,abnormal,abnormal,binary_label
22,demo_http_flood.pcap#http_flood,abnormal,abnormal,binary_label
23,demo_http_flood.pcap#http_flood,abnormal,abnormal,binary_label
24,demo_http_flood.pcap#http_flood,abnormal,abnormal,binary_label
25,demo_http_flood.pcap#http_flood,abnormal,abnormal,binary_label
26,demo_http_flood.pcap#http_flood,abnormal,abnormal,binary_label
27,demo_http_flood.pcap#http_flood,abnormal,abnormal,binary_label
28,demo_http_flood.pcap#http_flood,abnormal,abnormal,binary_label
29,demo_http_flood.pcap#http_flood,abnormal,abnormal,binary_label
30,demo_http_flood.pcap#http_flood,abnormal,abnormal,binary_label
31,demo_http_flood.pcap#http_flood,abnormal,abnormal,binary_label
32,demo_http_flood.pcap#http_flood,abnormal,abnormal,binary_label
33,demo_http_flood.pcap#http_flood,abnormal,abnormal,binary_label
34,demo_http_flood.pcap#http_flood,abnormal,abnormal,binary_label
35,demo_http_flood.pcap#http_flood,abnormal,abnormal,binary_label
36,demo_http_flood.pcap#http_flood,abnormal,abnormal,binary_label
37,demo_http_flood.pcap#http_flood,abnormal,abnormal,binary_label
38,demo_http_flood.pcap#http_flood,abnormal,abnormal,binary_label
39,demo_http_flood.pcap#http_flood,abnormal,abnormal,binary_label
40,demo_http_flood.pcap#http_flood,abnormal,abnormal,binary_label
41,demo_http_flood.pcap#http_flood,abnormal,abnormal,binary_label
42,demo_http_flood.pcap#http_flood,abnormal,abnormal,binary_label
43,demo_http_flood.pcap#http_flood,abnormal,abnormal,binary_label
44,demo_http_flood.pcap#http_flood,abnormal,abnormal,binary_label
45,demo_http_flood.pcap#http_flood,abnormal,abnormal,binary_label
46,demo_http_flood.pcap#http_flood,abnormal,abnormal,binary_label
47,demo_http_flood.pcap#http_flood,abnormal,abnormal,binary_label
48,demo_http_flood.pcap#http_flood,abnormal,abnormal,binary_label
49,demo_http_flood.pcap#http_flood,abnormal,abnormal,binary_label
50,demo_http_flood.pcap#http_flood,abnormal,abnormal,binary_label
51,demo_http_flood.pcap#http_flood,abnormal,abnormal,binary_label
52,demo_http_flood.pcap#http_flood,abnormal,abnormal,binary_label
53,demo_http_flood.pcap#http_flood,abnormal,abnormal,binary_label
54,demo_http_flood.pcap#http_flood,abnormal,abnormal,binary_label
55,demo_http_flood.pcap#http_flood,abnormal,abnormal,binary_label
56,demo_http_flood.pcap#http_flood,abnormal,abnormal,binary_label
57,demo_http_flood.pcap#http_flood,abnormal,abnormal,binary_label
58,demo_http_flood.pcap#http_flood,abnormal,abnormal,binary_label
59,demo_http_flood.pcap#http_flood,abnormal,abnormal,binary_label
60,demo_http_flood.pcap#http_flood,abnormal,abnormal,binary_label
61,demo_http_flood.pcap#http_flood,abnormal,abnormal,binary_label
62,demo_http_flood.pcap#http_flood,abnormal,abnormal,binary_label
63,demo_http_flood.pcap#http_flood,abnormal,abnormal,binary_label
64,demo_http_flood.pcap#http_flood,abnormal,abnormal,binary_label
65,demo_http_flood.pcap#http_flood,abnormal,abnormal,binary_label
66,demo_http_flood.pcap#http_flood,normal,abnormal,binary_label
67,demo_http_flood.pcap#http_flood,abnormal,abnormal,binary_label
68,demo_http_flood.pcap#http_flood,abnormal,abnormal,binary_label
69,demo_http_flood.pcap#http_flood,abnormal,abnormal,binary_label
70,demo_http_flood.pcap#http_flood,abnormal,abnormal,binary_label
71,demo_http_flood.pcap#http_flood,abnormal,abnormal,binary_label
72,demo_http_flood.pcap#http_flood,abnormal,abnormal,binary_label
73,demo_http_flood.pcap#http_flood,abnormal,abnormal,binary_label
74,demo_http_flood.pcap#http_flood,abnormal,abnormal,binary_label
75,demo_http_flood.pcap#http_flood,abnormal,abnormal,binary_label
76,demo_http_flood.pcap#http_flood,abnormal,abnormal,binary_label
77,demo_http_flood.pcap#http_flood,abnormal,abnormal,binary_label
78,demo_http_flood.pcap#http_flood,normal,abnormal,binary_label
79,demo_http_flood.pcap#http_flood,normal,abnormal,binary_label
80,demo_http_flood.pcap#http_flood,abnormal,abnormal,binary_label
81,demo_http_flood.pcap#http_flood,abnormal,abnormal,binary_label
82,demo_http_flood.pcap#http_flood,abnormal,abnormal,binary_label
83,demo_http_flood.pcap#http_flood,abnormal,abnormal,binary_label
84,demo_http_flood.pcap#http_flood,abnormal,abnormal,binary_label
85,demo_http_flood.pcap#http_flood,abnormal,abnormal,binary_label
86,demo_http_flood.pcap#http_flood,abnormal,abnormal,binary_label
87,demo_http_flood.pcap#http_flood,abnormal,abnormal,binary_label
88,demo_http_flood.pcap#http_flood,abnormal,abnormal,binary_label
89,demo_http_flood.pcap#http_flood,normal,abnormal,binary_label
90,demo_http_flood.pcap#http_flood,abnormal,abnormal,binary_label
91,demo_http_flood.pcap#http_flood,abnormal,abnormal,binary_label
92,demo_http_flood.pcap#http_flood,abnormal,abnormal,binary_label
93,demo_http_flood.pcap#http_flood,abnormal,abnormal,binary_label
94,demo_http_flood.pcap#http_flood,abnormal,abnormal,binary_label
95,demo_http_flood.pcap#http_flood,abnormal,abnormal,binary_label
96,demo_http_flood.pcap#http_flood,abnormal,abnormal,binary_label
97,demo_http_flood.pcap#http_flood,abnormal,abnormal,binary_label
98,demo_http_flood.pcap#http_flood,abnormal,abnormal,binary_label
99,demo_http_flood.pcap#http_flood,abnormal,abnormal,binary_label
100,demo_http_flood.pcap#http_flood,abnormal,abnormal,binary_label
101,demo_http_flood.pcap#http_flood,abnormal,abnormal,binary_label
102,demo_http_flood.pcap#http_flood,abnormal,abnormal,binary_label
103,demo_http_flood.pcap#http_flood,abnormal,abnormal,binary_label
104,demo_http_flood.pcap#http_flood,abnormal,abnormal,binary_label
105,demo_http_flood.pcap#http_flood,abnormal,abnormal,binary_label
106,demo_http_flood.pcap#http_flood,abnormal,abnormal,binary_label
107,demo_http_flood.pcap#http_flood,abnormal,abnormal,binary_label
108,demo_http_flood.pcap#http_flood,abnormal,abnormal,binary_label
109,demo_http_flood.pcap#http_flood,abnormal,abnormal,binary_label
110,demo_http_flood.pcap#http_flood,abnormal,abnormal,binary_label
111,demo_http_flood.pcap#http_flood,abnormal,abnormal,binary_label
112,demo_http_flood.pcap#http_flood,abnormal,abnormal,binary_label
113,demo_http_flood.pcap#http_flood,abnormal,abnormal,binary_label
114,demo_http_flood.pcap#http_flood,abnormal,abnormal,binary_label
115,demo_http_flood.pcap#http_flood,abnormal,abnormal,binary_label
116,demo_http_flood.pcap#http_flood,abnormal,abnormal,binary_label
117,demo_http_flood.pcap#http_flood,abnormal,abnormal,binary_label
118,demo_http_flood.pcap#http_flood,normal,abnormal,binary_label
119,demo_http_flood.pcap#normal,normal,normal,binary_label
120,demo_http_flood.pcap#normal,normal,normal,binary_label
121,demo_http_flood.pcap#normal,normal,normal,binary_label
122,demo_http_flood.pcap#normal,normal,normal,binary_label
123,demo_http_flood.pcap#normal,normal,normal,binary_label
124,demo_http_flood.pcap#normal,normal,normal,binary_label
125,demo_http_flood.pcap#normal,normal,normal,binary_label
126,demo_http_flood.pcap#normal,normal,normal,binary_label
127,demo_http_flood.pcap#normal,normal,normal,binary_label
128,demo_http_flood.pcap#normal,normal,normal,binary_label
129,demo_http_flood.pcap#normal,normal,normal,binary_label
130,demo_http_flood.pcap#normal,normal,normal,binary_label
131,demo_http_flood.pcap#normal,normal,normal,binary_label
132,demo_http_flood.pcap#normal,normal,normal,binary_label
133,demo_http_flood.pcap#normal,normal,normal,binary_label
134,demo_http_flood.pcap#normal,normal,normal,binary_label
135,demo_http_flood.pcap#normal,normal,normal,binary_label
136,demo_http_flood.pcap#normal,normal,normal,binary_label
137,demo_http_flood.pcap#normal,normal,normal,binary_label
138,demo_http_flood.pcap#normal,normal,normal,binary_label
139,demo_http_flood.pcap#normal,normal,normal,binary_label
140,demo_http_flood.pcap#normal,normal,normal,binary_label
141,demo_http_flood.pcap#normal,normal,normal,binary_label
142,demo_http_flood.pcap#normal,normal,normal,binary_label
143,demo_http_flood.pcap#normal,normal,normal,binary_label
144,demo_http_flood.pcap#normal,normal,normal,binary_label
145,demo_http_flood.pcap#normal,normal,normal,binary_label
146,demo_http_flood.pcap#normal,normal,normal,binary_label
147,demo_http_flood.pcap#normal,normal,normal,binary_label
148,demo_http_flood.pcap#normal,normal,normal,binary_label
149,demo_http_flood.pcap#normal,normal,normal,binary_label
150,demo_http_flood.pcap#normal,normal,normal,binary_label
151,demo_http_flood.pcap#normal,abnormal,normal,binary_label
152,demo_http_flood.pcap#normal,normal,normal,binary_label
153,demo_http_flood.pcap#normal,normal,normal,binary_label
154,demo_http_flood.pcap#normal,normal,normal,binary_label
155,demo_http_flood.pcap#normal,normal,normal,binary_label
156,demo_http_flood.pcap#normal,normal,normal,binary_label
157,demo_http_flood.pcap#normal,normal,normal,binary_label
158,demo_http_flood.pcap#normal,normal,normal,binary_label
159,demo_http_flood.pcap#normal,normal,normal,binary_label
160,demo_http_flood.pcap#normal,normal,normal,binary_label
161,demo_http_flood.pcap#normal,normal,normal,binary_label
162,demo_http_flood.pcap#normal,normal,normal,binary_label
163,demo_http_flood.pcap#normal,normal,normal,binary_label
164,demo_http_flood.pcap#normal,normal,normal,binary_label
165,demo_http_flood.pcap#normal,normal,normal,binary_label
166,demo_http_flood.pcap#normal,normal,normal,binary_label
167,demo_http_flood.pcap#normal,normal,normal,binary_label
168,demo_http_flood.pcap#syn_flood,abnormal,abnormal,binary_label
169,demo_http_flood.pcap#syn_flood,abnormal,abnormal,binary_label
170,demo_http_flood.pcap#syn_flood,abnormal,abnormal,binary_label
171,demo_http_flood.pcap#syn_flood,abnormal,abnormal,binary_label
172,demo_http_flood.pcap#syn_flood,abnormal,abnormal,binary_label
173,demo_http_flood.pcap#syn_flood,abnormal,abnormal,binary_label
174,demo_http_flood.pcap#syn_flood,abnormal,abnormal,binary_label
175,demo_http_flood.pcap#syn_flood,abnormal,abnormal,binary_label
176,demo_http_flood.pcap#syn_flood,abnormal,abnormal,binary_label
177,demo_http_flood.pcap#syn_flood,abnormal,abnormal,binary_label
178,demo_http_flood.pcap#syn_flood,abnormal,abnormal,binary_label
179,demo_http_flood.pcap#syn_flood,abnormal,abnormal,binary_label
180,demo_http_flood.pcap#syn_flood,abnormal,abnormal,binary_label
181,demo_http_flood.pcap#syn_flood,abnormal,abnormal,binary_label
182,demo_http_flood.pcap#syn_flood,abnormal,abnormal,binary_label
183,demo_http_flood.pcap#syn_flood,abnormal,abnormal,binary_label
184,demo_http_flood.pcap#syn_flood,abnormal,abnormal,binary_label
185,demo_http_flood.pcap#syn_flood,abnormal,abnormal,binary_label
186,demo_http_flood.pcap#syn_flood,abnormal,abnormal,binary_label
187,demo_http_flood.pcap#syn_flood,abnormal,abnormal,binary_label
188,demo_http_flood.pcap#syn_flood,abnormal,abnormal,binary_label
189,demo_http_flood.pcap#syn_flood,abnormal,abnormal,binary_label
190,demo_http_flood.pcap#syn_flood,abnormal,abnormal,binary_label
191,demo_http_flood.pcap#syn_flood,abnormal,abnormal,binary_label
192,demo_http_flood.pcap#syn_flood,abnormal,abnormal,binary_label
193,demo_http_flood.pcap#syn_flood,abnormal,abnormal,binary_label
194,demo_http_flood.pcap#syn_flood,abnormal,abnormal,binary_label
195,demo_http_flood.pcap#syn_flood,abnormal,abnormal,binary_label
196,demo_http_flood.pcap#syn_flood,abnormal,abnormal,binary_label
197,demo_http_flood.pcap#syn_flood,abnormal,abnormal,binary_label
198,demo_http_flood.pcap#syn_flood,abnormal,abnormal,binary_label
199,demo_http_flood.pcap#syn_flood,abnormal,abnormal,binary_label
200,demo_http_flood.pcap#syn_flood,abnormal,abnormal,binary_label
201,demo_http_flood.pcap#syn_flood,abnormal,abnormal,binary_label
202,demo_http_flood.pcap#syn_flood,abnormal,abnormal,binary_label
203,demo_http_flood.pcap#syn_flood,abnormal,abnormal,binary_label
204,demo_http_flood.pcap#syn_flood,abnormal,abnormal,binary_label
205,demo_http_flood.pcap#syn_flood,abnormal,abnormal,binary_label
206,demo_http_flood.pcap#syn_flood,abnormal,abnormal,binary_label
207,demo_http_flood.pcap#syn_flood,abnormal,abnormal,binary_label
208,demo_http_flood.pcap#syn_flood,abnormal,abnormal,binary_label
209,demo_http_flood.pcap#syn_flood,abnormal,abnormal,binary_label
210,demo_http_flood.pcap#syn_flood,abnormal,abnormal,binary_label
211,demo_http_flood.pcap#syn_flood,abnormal,abnormal,binary_label
212,demo_http_flood.pcap#syn_flood,abnormal,abnormal,binary_label
213,demo_http_flood.pcap#syn_flood,abnormal,abnormal,binary_label
214,demo_http_flood.pcap#syn_flood,abnormal,abnormal,binary_label
215,demo_http_flood.pcap#syn_flood,abnormal,abnormal,binary_label
216,demo_http_flood.pcap#syn_flood,abnormal,abnormal,binary_label
217,demo_http_flood.pcap#syn_flood,abnormal,abnormal,binary_label
218,demo_http_flood.pcap#syn_flood,abnormal,abnormal,binary_label
219,demo_http_flood.pcap#syn_flood,abnormal,abnormal,binary_label
220,demo_http_flood.pcap#syn_flood,abnormal,abnormal,binary_label
221,demo_http_flood.pcap#syn_flood,abnormal,abnormal,binary_label
222,demo_http_flood.pcap#syn_flood,abnormal,abnormal,binary_label
223,demo_http_flood.pcap#syn_flood,abnormal,abnormal,binary_label
224,demo_http_flood.pcap#syn_flood,abnormal,abnormal,binary_label
225,demo_http_flood.pcap#syn_flood,abnormal,abnormal,binary_label
226,demo_http_flood.pcap#syn_flood,abnormal,abnormal,binary_label
227,demo_http_flood.pcap#syn_flood,abnormal,abnormal,binary_label
228,demo_http_flood.pcap#syn_flood,abnormal,abnormal,binary_label
229,demo_http_flood.pcap#syn_flood,abnormal,abnormal,binary_label
230,demo_http_flood.pcap#syn_flood,abnormal,abnormal,binary_label
231,demo_http_flood.pcap#syn_flood,abnormal,abnormal,binary_label
232,demo_http_flood.pcap#syn_flood,abnormal,abnormal,binary_label
233,demo_http_flood.pcap#syn_flood,abnormal,abnormal,binary_label
234,demo_http_flood.pcap#syn_flood,abnormal,abnormal,binary_label
235,demo_http_flood.pcap#syn_flood,abnormal,abnormal,binary_label
236,demo_http_flood.pcap#syn_flood,abnormal,abnormal,binary_label
237,demo_http_flood.pcap#syn_flood,abnormal,abnormal,binary_label
238,demo_http_flood.pcap#syn_flood,abnormal,abnormal,binary_label
239,demo_http_flood.pcap#syn_flood,abnormal,abnormal,binary_label
240,demo_http_flood.pcap#syn_flood,abnormal,abnormal,binary_label
241,demo_http_flood.pcap#syn_flood,abnormal,abnormal,binary_label
242,demo_http_flood.pcap#syn_flood,abnormal,abnormal,binary_label
243,demo_http_flood.pcap#syn_flood,abnormal,abnormal,binary_label
244,demo_http_flood.pcap#syn_flood,abnormal,abnormal,binary_label
245,demo_http_flood.pcap#syn_flood,abnormal,abnormal,binary_label
246,demo_http_flood.pcap#syn_flood,abnormal,abnormal,binary_label
247,demo_http_flood.pcap#syn_flood,abnormal,abnormal,binary_label
248,demo_http_flood.pcap#syn_flood,abnormal,abnormal,binary_label
249,demo_http_flood.pcap#syn_flood,abnormal,abnormal,binary_label
250,demo_http_flood.pcap#syn_flood,abnormal,abnormal,binary_label
251,demo_http_flood.pcap#syn_flood,abnormal,abnormal,binary_label
252,demo_http_flood.pcap#syn_flood,abnormal,abnormal,binary_label
253,demo_http_flood.pcap#syn_flood,abnormal,abnormal,binary_label
254,demo_http_flood.pcap#syn_flood,abnormal,abnormal,binary_label
255,demo_http_flood.pcap#syn_flood,abnormal,abnormal,binary_label
256,demo_http_flood.pcap#syn_flood,abnormal,abnormal,binary_label
257,demo_http_flood.pcap#syn_flood,abnormal,abnormal,binary_label
258,demo_http_flood.pcap#syn_flood,abnormal,abnormal,binary_label
259,demo_http_flood.pcap#syn_flood,abnormal,abnormal,binary_label
260,demo_http_flood.pcap#syn_flood,abnormal,abnormal,binary_label
261,demo_http_flood.pcap#syn_flood,abnormal,abnormal,binary_label
262,demo_http_flood.pcap#syn_flood,abnormal,abnormal,binary_label
263,demo_http_flood.pcap#syn_flood,abnormal,abnormal,binary_label
264,demo_http_flood.pcap#syn_flood,abnormal,abnormal,binary_label
265,demo_http_flood.pcap#syn_flood,abnormal,abnormal,binary_label
266,demo_http_flood.pcap#syn_flood,abnormal,abnormal,binary_label
267,demo_http_flood.pcap#syn_flood,abnormal,abnormal,binary_label
268,demo_http_flood.pcap#syn_flood,abnormal,abnormal,binary_label
269,demo_http_flood.pcap#syn_flood,abnormal,abnormal,binary_label
270,demo_http_flood.pcap#syn_flood,abnormal,abnormal,binary_label
271,demo_http_flood.pcap#syn_flood,abnormal,abnormal,binary_label
272,demo_http_flood.pcap#syn_flood,abnormal,abnormal,binary_label
273,demo_http_flood.pcap#syn_flood,abnormal,abnormal,binary_label
274,demo_http_flood.pcap#syn_flood,abnormal,abnormal,binary_label
275,demo_http_flood.pcap#syn_flood,abnormal,abnormal,binary_label
276,demo_http_flood.pcap#syn_flood,abnormal,abnormal,binary_label
277,demo_http_flood.pcap#syn_flood,abnormal,abnormal,binary_label
278,demo_http_flood.pcap#syn_flood,abnormal,abnormal,binary_label
279,demo_http_flood.pcap#syn_flood,abnormal,abnormal,binary_label
280,demo_http_flood.pcap#syn_flood,abnormal,abnormal,binary_label
281,demo_http_flood.pcap#syn_flood,abnormal,abnormal,binary_label
282,demo_http_flood.pcap#syn_flood,abnormal,abnormal,binary_label
283,demo_http_flood.pcap#syn_flood,abnormal,abnormal,binary_label
284,demo_http_flood.pcap#syn_flood,abnormal,abnormal,binary_label
285,demo_http_flood.pcap#syn_flood,abnormal,abnormal,binary_label
286,demo_http_flood.pcap#syn_flood,abnormal,abnormal,binary_label
287,demo_http_flood.pcap#syn_flood,abnormal,abnormal,binary_label
288,demo_http_flood.pcap#syn_flood,abnormal,abnormal,binary_label
289,demo_http_flood.pcap#syn_flood,abnormal,abnormal,binary_label
290,demo_http_flood.pcap#syn_flood,abnormal,abnormal,binary_label
291,demo_http_flood.pcap#syn_flood,abnormal,abnormal,binary_label
292,demo_http_flood.pcap#syn_flood,abnormal,abnormal,binary_label
293,demo_http_flood.pcap#syn_flood,abnormal,abnormal,binary_label
294,demo_http_flood.pcap#syn_flood,abnormal,abnormal,binary_label
295,demo_http_flood.pcap#syn_flood,abnormal,abnormal,binary_label
296,demo_http_flood.pcap#syn_flood,abnormal,abnormal,binary_label
297,demo_http_flood.pcap#syn_flood,abnormal,abnormal,binary_label
298,demo_http_flood.pcap#syn_flood,abnormal,abnormal,binary_label
299,demo_http_flood.pcap#syn_flood,abnormal,abnormal,binary_label
300,demo_http_flood.pcap#syn_flood,abnormal,abnormal,binary_label
301,demo_http_flood.pcap#syn_flood,abnormal,abnormal,binary_label
302,demo_http_flood.pcap#syn_flood,abnormal,abnormal,binary_label
303,demo_http_flood.pcap#syn_flood,abnormal,abnormal,binary_label
304,demo_http_flood.pcap#syn_flood,abnormal,abnormal,binary_label
305,demo_http_flood.pcap#syn_flood,abnormal,abnormal,binary_label
306,demo_http_flood.pcap#syn_flood,abnormal,abnormal,binary_label
307,demo_http_flood.pcap#syn_flood,abnormal,abnormal,binary_label
308,demo_http_flood.pcap#syn_flood,abnormal,abnormal,binary_label
309,demo_http_flood.pcap#syn_flood,abnormal,abnormal,binary_label
310,demo_http_flood.pcap#syn_flood,abnormal,abnormal,binary_label
311,demo_http_flood.pcap#syn_flood,abnormal,abnormal,binary_label
312,demo_http_flood.pcap#syn_flood,abnormal,abnormal,binary_label
313,demo_http_flood.pcap#syn_flood,abnormal,abnormal,binary_label
314,demo_http_flood.pcap#syn_flood,abnormal,abnormal,binary_label
315,demo_http_flood.pcap#syn_flood,abnormal,abnormal,binary_label
316,demo_http_flood.pcap#syn_flood,abnormal,abnormal,binary_label
317,demo_http_flood.pcap#syn_flood,abnormal,abnormal,binary_label
318,demo_http_flood.pcap#syn_flood,abnormal,abnormal,binary_label
319,demo_http_flood.pcap#syn_flood,abnormal,abnormal,binary_label
320,demo_http_flood.pcap#syn_flood,abnormal,abnormal,binary_label
321,demo_http_flood.pcap#syn_flood,abnormal,abnormal,binary_label
322,demo_http_flood.pcap#syn_flood,abnormal,abnormal,binary_label
323,demo_http_flood.pcap#syn_flood,abnormal,abnormal,binary_label
324,demo_http_flood.pcap#syn_flood,abnormal,abnormal,binary_label
325,demo_http_flood.pcap#syn_flood,abnormal,abnormal,binary_label
326,demo_http_flood.pcap#syn_flood,abnormal,abnormal,binary_label
