window_id,source_pcap,packet_count,pps,byte_count,avg_packet_size,std_packet_size,tcp_ratio,udp_ratio,http_ratio,syn_ratio,ack_ratio,syn_ack_ratio,unique_src_ips,unique_dst_ips,unique_src_ports,unique_dst_ports,src_ip_entropy,dst_ip_entropy,src_port_entropy,dst_port_entropy,mean_interarrival_ms,std_interarrival_ms,interarrival_cv,flow_count,flow_entropy,small_packet_ratio,large_packet_ratio,label,binary_label,normal_ratio,http_flood_ratio,syn_flood_ratio,udp_reflection_ratio,attack_ratio,dominant_attack,severity
0,demo_http_flood.pcap#http_flood,268,5360.0,20406,76.1418,25.0998,1.0,0.0,1.0,0.641791,0.679104,0.945055,3,3,87,87,1.221477,1.022497,5.259344,2.967512,0.169176,0.781954,4.622126,172,7.321504,0.962687,0.0,http_flood,abnormal,0.0,1.0,0.0,0.0,1.0,http_flood,high
1,demo_http_flood.pcap#http_flood,25,500.0,3025,121,62.6865,1.0,0.0,1.0,0.4,0.8,0.5,3,2,11,6,1.370951,0.721928,3.228493,1.186314,1.716286,3.078127,1.793482,15,3.692879,0.6,0.0,http_flood,abnormal,0.0,1.0,0.0,0.0,1.0,http_flood,high
2,demo_http_flood.pcap#http_flood,25,500.0,3025,121,62.6865,1.0,0.0,1.0,0.4,0.8,0.5,3,2,11,6,1.370951,0.721928,3.228493,1.186314,1.75642,3.379929,1.924329,15,3.692879,0.6,0.0,http_flood,abnormal,0.0,1.0,0.0,0.0,1.0,http_flood,high
3,demo_http_flood.pcap#http_flood,25,500.0,3025,121,62.6865,1.0,0.0,1.0,0.4,0.8,0.5,3,2,11,6,1.370951,0.721928,3.228493,1.186314,1.777291,3.284652,1.848123,15,3.692879,0.6,0.0,http_flood,abnormal,0.0,1.0,0.0,0.0,1.0,http_flood,high
4,demo_http_flood.pcap#http_flood,39,780.0,5460,140,65.874,1.0,0.0,1.0,0.307692,0.846154,0.363636,3,2,22,7,1.334679,0.619382,4.156195,1.017069,1.288395,1.991772,1.545933,27,4.553881,0.461538,0.0,http_flood,abnormal,0.0,1.0,0.0,0.0,1.0,http_flood,high
5,demo_http_flood.pcap#http_flood,36,720.0,5199,144.4167,64.362,1.0,0.0,1.0,0.277778,0.861111,0.322581,3,2,22,6,1.362492,0.581321,4.187034,0.903812,1.426343,2.215832,1.553506,26,4.509524,0.416667,0.0,http_flood,abnormal,0.0,1.0,0.0,0.0,1.0,http_flood,high
6,demo_http_flood.pcap#http_flood,30,600.0,4328,144.2667,62.2827,1.0,0.0,1.0,0.266667,0.866667,0.307692,3,2,19,5,1.399581,0.56651,4.006239,0.833176,1.55883,2.571063,1.649354,22,4.272906,0.4,0.0,http_flood,abnormal,0.0,1.0,0.0,0.0,1.0,http_flood,high
7,demo_http_flood.pcap#http_flood,35,700.0,4980,142.2857,64.0105,1.0,0.0,1.0,0.285714,0.857143,0.333333,3,2,21,6,1.378783,0.591673,4.118309,0.923377,1.258584,2.1461,1.705171,25,4.450013,0.428571,0.0,http_flood,abnormal,0.0,1.0,0.0,0.0,1.0,http_flood,high
8,demo_http_flood.pcap#http_flood,46,920.0,7201,156.5435,62.3426,1.0,0.0,1.0,0.217391,0.891304,0.243902,3,2,32,6,1.321506,0.495969,4.754343,0.748353,1.070537,1.972691,1.842713,36,5.006726,0.326087,0.0,http_flood,abnormal,0.0,1.0,0.0,0.0,1.0,http_flood,high
9,demo_http_flood.pcap#http_flood,44,880.0,6716,152.6364,61.5423,1.0,0.0,1.0,0.227273,0.886364,0.25641,3,2,30,6,1.362793,0.510788,4.655248,0.774643,1.050766,1.959048,1.8644,34,4.919103,0.340909,0.0,http_flood,abnormal,0.0,1.0,0.0,0.0,1.0,http_flood,high
10,demo_http_flood.pcap#http_flood,47,940.0,7326,155.8723,61.0788,1.0,0.0,1.0,0.212766,0.893617,0.238095,3,2,33,6,1.34563,0.488909,4.801736,0.735922,1.04828,2.09805,2.001422,37,5.04875,0.319149,0.0,http_flood,abnormal,0.0,1.0,0.0,0.0,1.0,http_flood,high
11,demo_http_flood.pcap#http_flood,39,780.0,6111,156.6923,60.2036,1.0,0.0,1.0,0.205128,0.897436,0.228571,3,2,28,5,1.348437,0.477071,4.592593,0.6822,1.214893,2.104801,1.732498,31,4.797721,0.307692,0.0,http_flood,abnormal,0.0,1.0,0.0,0.0,1.0,http_flood,high
12,demo_http_flood.pcap#http_flood,25,500.0,4770,190.8,23.0252,1.0,0.0,1.0,0.0,1.0,0.0,2,1,25,1,0.970951,-0.0,4.643856,-0.0,1.75342,2.488348,1.41914,25,4.643856,0.0,0.0,http_flood,abnormal,0.0,1.0,0.0,0.0,1.0,http_flood,high
13,demo_http_flood.pcap#http_flood,25,500.0,4770,190.8,23.0252,1.0,0.0,1.0,0.0,1.0,0.0,2,1,25,1,0.970951,-0.0,4.643856,-0.0,1.999199,2.799699,1.40041,25,4.643856,0.0,0.0,http_flood,abnormal,0.0,1.0,0.0,0.0,1.0,http_flood,high
14,demo_http_flood.pcap#http_flood,25,500.0,4770,190.8,23.0252,1.0,0.0,1.0,0.0,1.0,0.0,2,1,25,1,0.970951,-0.0,4.643856,-0.0,1.87995,2.667492,1.418916,25,4.643856,0.0,0.0,http_flood,abnormal,0.0,1.0,0.0,0.0,1.0,http_flood,high
15,demo_http_flood.pcap#http_flood,25,500.0,4723,188.92,22.56,1.0,0.0,1.0,0.0,1.0,0.0,2,1,25,1,0.942683,-0.0,4.643856,-0.0,2.039452,2.784888,1.365508,25,4.643856,0.0,0.0,http_flood,abnormal,0.0,1.0,0.0,0.0,1.0,http_flood,high
16,demo_http_flood.pcap#http_flood,25,500.0,4817,192.68,23.3302,1.0,0.0,1.0,0.0,1.0,0.0,2,1,25,1,0.989588,-0.0,4.643856,-0.0,1.944333,3.221533,1.656883,25,4.643856,0.0,0.0,http_flood,abnormal,0.0,1.0,0.0,0.0,1.0,http_flood,high
17,demo_http_flood.pcap#http_flood,27,540.0,5161,191.1481,23.0935,1.0,0.0,1.0,0.0,1.0,0.0,2,1,27,1,0.975119,-0.0,4.754888,-0.0,1.848037,3.198625,1.730823,27,4.754888,0.0,0.0,http_flood,abnormal,0.0,1.0,0.0,0.0,1.0,http_flood,high
18,demo_http_flood.pcap#http_flood,28,560.0,5333,190.4643,22.9541,1.0,0.0,1.0,0.0,1.0,0.0,2,1,28,1,0.966619,-0.0,4.807355,-0.0,1.775591,3.300628,1.858889,28,4.807355,0.0,0.0,http_flood,abnormal,0.0,1.0,0.0,0.0,1.0,http_flood,high
19,demo_http_flood.pcap#http_flood,24,480.0,4551,189.625,22.7538,1.0,0.0,1.0,0.0,1.0,0.0,2,1,24,1,0.954434,-0.0,4.584963,-0.0,2.132177,3.399911,1.594572,24,4.584963,0.0,0.0,http_flood,abnormal,0.0,1.0,0.0,0.0,1.0,http_flood,high
20,demo_http_flood.pcap#http_flood,189,3780.0,15199,80.418,33.9695,1.0,0.0,1.0,0.455026,1.0,0.455026,3,3,92,87,1.261289,1.160266,4.511138,3.918277,0.255198,1.284769,5.034402,177,7.435258,0.910053,0.0,http_flood,abnormal,0.0,1.0,0.0,0.0,1.0,http_flood,high
21,demo_http_flood.pcap#http_flood,28,560.0,3874,138.3571,61.7028,1.0,0.0,1.0,0.214286,1.0,0.214286,3,2,23,7,1.530619,0.749595,4.253434,1.303516,1.779962,3.074922,1.727521,28,4.807355,0.428571,0.0,http_flood,abnormal,0.0,1.0,0.0,0.0,1.0,http_flood,high
22,demo_http_flood.pcap#http_flood,31,620.0,4139,133.5161,59.8422,1.0,0.0,1.0,0.225806,1.0,0.225806,3,2,25,8,1.544823,0.770629,4.320277,1.404548,1.600297,3.607464,2.254246,31,4.954196,0.451613,0.0,http_flood,abnormal,0.0,1.0,0.0,0.0,1.0,http_flood,high
23,demo_http_flood.pcap#http_flood,25,500.0,3311,132.44,62.2769,1.0,0.0,1.0,0.24,1.0,0.24,3,2,20,7,1.541315,0.79504,4.023465,1.415431,2.000292,3.467889,1.733691,25,4.643856,0.48,0.0,http_flood,abnormal,0.0,1.0,0.0,0.0,1.0,http_flood,high
24,demo_http_flood.pcap#http_flood,24,480.0,3186,132.75,64.9745,1.0,0.0,1.0,0.25,1.0,0.25,3,2,19,7,1.5,0.811278,3.938722,1.457519,2.130612,4.219077,1.980218,24,4.584963,0.5,0.0,http_flood,abnormal,0.0,1.0,0.0,0.0,1.0,http_flood,high
25,demo_http_flood.pcap#http_flood,22,440.0,2795,127.0455,64.535,1.0,0.0,1.0,0.272727,1.0,0.272727,3,2,17,7,1.497015,0.845351,3.754442,1.550341,2.241895,4.227765,1.885799,22,4.459432,0.545455,0.0,http_flood,abnormal,0.0,1.0,0.0,0.0,1.0,http_flood,high
26,demo_http_flood.pcap#http_flood,11,220.0,2127,193.3636,23.4027,1.0,0.0,1.0,0.0,1.0,0.0,2,1,11,1,0.99403,-0.0,3.459432,-0.0,4.794693,5.301241,1.105648,11,3.459432,0.0,0.0,http_flood,abnormal,0.0,1.0,0.0,0.0,1.0,http_flood,high
27,demo_http_flood.pcap#http_flood,19,380.0,1840,96.8421,45.0465,1.0,0.0,1.0,0.368421,1.0,0.368421,3,2,13,8,1.568316,0.949452,3.213639,1.983741,2.21916,4.441907,2.001616,19,4.247928,0.736842,0.0,http_flood,abnormal,0.0,1.0,0.0,0.0,1.0,http_flood,high
28,demo_http_flood.pcap#http_flood,18,360.0,1872,104,48.1941,1.0,0.0,1.0,0.333333,1.0,0.333333,3,2,13,7,1.584963,0.918296,3.308271,1.77995,2.823998,4.715583,1.669825,18,4.169925,0.666667,0.0,http_flood,abnormal,0.0,1.0,0.0,0.0,1.0,http_flood,high
29,demo_http_flood.pcap#http_flood,17,340.0,1700,100,46.5971,1.0,0.0,1.0,0.352941,1.0,0.352941,3,2,12,7,1.579863,0.936667,3.175123,1.849007,2.494499,4.637323,1.85902,17,4.087463,0.705882,0.0,http_flood,abnormal,0.0,1.0,0.0,0.0,1.0,http_flood,high
30,demo_http_flood.pcap#http_flood,12,240.0,1248,104,48.1941,1.0,0.0,1.0,0.333333,1.0,0.333333,3,2,9,5,1.584963,0.918296,2.918296,1.584963,3.634908,5.207248,1.432567,12,3.584963,0.666667,0.0,http_flood,abnormal,0.0,1.0,0.0,0.0,1.0,http_flood,high
31,demo_http_flood.pcap#http_flood,14,280.0,2737,195.5,23.5,1.0,0.0,1.0,0.0,1.0,0.0,2,1,14,1,1.0,-0.0,3.807355,-0.0,1.848386,6.397491,3.461123,14,3.807355,0.0,0.0,http_flood,abnormal,0.0,1.0,0.0,0.0,1.0,http_flood,high
32,demo_http_flood.pcap#http_flood,13,260.0,2565,197.3077,23.4304,1.0,0.0,1.0,0.0,1.0,0.0,2,1,13,1,0.995727,-0.0,3.70044,-0.0,0.003179,0.002446,0.769334,13,3.70044,0.0,0.0,http_flood,abnormal,0.0,1.0,0.0,0.0,1.0,http_flood,high
33,demo_http_flood.pcap#http_flood,12,240.0,2346,195.5,23.5,1.0,0.0,1.0,0.0,1.0,0.0,2,1,12,1,1.0,-0.0,3.584963,-0.0,0.001539,0.00117,0.760042,12,3.584963,0.0,0.0,http_flood,abnormal,0.0,1.0,0.0,0.0,1.0,http_flood,high
34,demo_http_flood.pcap#http_flood,13,260.0,2565,197.3077,23.4304,1.0,0.0,1.0,0.0,1.0,0.0,2,1,13,1,0.995727,-0.0,3.70044,-0.0,0.001411,0.001133,0.803064,13,3.70044,0.0,0.0,http_flood,abnormal,0.0,1.0,0.0,0.0,1.0,http_flood,high
35,demo_http_flood.pcap#http_flood,13,260.0,2518,193.6923,23.4304,1.0,0.0,1.0,0.0,1.0,0.0,2,1,13,1,0.995727,-0.0,3.70044,-0.0,0.002682,0.001852,0.69056,13,3.70044,0.0,0.0,http_flood,abnormal,0.0,1.0,0.0,0.0,1.0,http_flood,high
36,demo_http_flood.pcap#http_flood,23,460.0,3160,137.3913,63.0216,1.0,0.0,1.0,0.478261,0.521739,0.916667,2,1,23,1,0.998636,-0.0,4.523562,-0.0,2.267003,2.555278,1.127161,23,4.523562,0.478261,0.0,http_flood,abnormal,0.0,1.0,0.0,0.0,1.0,http_flood,high
37,demo_http_flood.pcap#http_flood,23,460.0,3160,137.3913,63.0216,1.0,0.0,1.0,0.478261,0.521739,0.916667,2,1,23,1,0.998636,-0.0,4.523562,-0.0,2.158176,3.156063,1.462375,23,4.523562,0.478261,0.0,http_flood,abnormal,0.0,1.0,0.0,0.0,1.0,http_flood,high
38,demo_http_flood.pcap#http_flood,22,440.0,3086,140.2727,62.9388,1.0,0.0,1.0,0.454545,0.545455,0.833333,2,1,22,1,1.0,-0.0,4.459432,-0.0,2.002092,3.240653,1.618634,22,4.459432,0.454545,0.0,http_flood,abnormal,0.0,1.0,0.0,0.0,1.0,http_flood,high
39,demo_http_flood.pcap#http_flood,24,480.0,3477,144.875,62.5315,1.0,0.0,1.0,0.416667,0.583333,0.714286,2,1,24,1,1.0,-0.0,4.584963,-0.0,1.825302,3.214901,1.761298,24,4.584963,0.416667,0.0,http_flood,abnormal,0.0,1.0,0.0,0.0,1.0,http_flood,high
40,demo_http_flood.pcap#http_flood,19,380.0,2284,120.2105,55.7726,1.0,0.0,1.0,0.578947,0.421053,1.375,2,1,19,1,0.981941,-0.0,4.247928,-0.0,2.756834,3.701512,1.342668,19,4.247928,0.578947,0.0,http_flood,abnormal,0.0,1.0,0.0,0.0,1.0,http_flood,high
41,demo_http_flood.pcap#http_flood,10,200.0,740,74,0.0,1.0,0.0,1.0,1.0,0.0,10.0,2,1,10,1,1.0,-0.0,3.321928,-0.0,5.5289,3.641028,0.658545,10,3.321928,1.0,0.0,http_flood,abnormal,0.0,1.0,0.0,0.0,1.0,http_flood,high
42,demo_http_flood.pcap#http_flood,15,300.0,1698,113.2,48.01,1.0,0.0,1.0,0.6,0.4,1.5,2,1,15,1,0.836641,-0.0,3.906891,-0.0,2.920645,3.746751,1.282851,15,3.906891,0.6,0.0,http_flood,abnormal,0.0,1.0,0.0,0.0,1.0,http_flood,high
43,demo_http_flood.pcap#http_flood,18,360.0,2018,112.1111,47.7748,1.0,0.0,1.0,0.611111,0.388889,1.571429,2,1,18,1,0.918296,-0.0,4.169925,-0.0,2.921357,3.393676,1.161678,18,4.169925,0.611111,0.0,http_flood,abnormal,0.0,1.0,0.0,0.0,1.0,http_flood,high
44,demo_http_flood.pcap#http_flood,13,260.0,1354,104.1538,45.2308,1.0,0.0,1.0,0.692308,0.307692,2.25,2,1,13,1,0.890492,-0.0,3.70044,-0.0,3.433506,2.756025,0.802685,13,3.70044,0.692308,0.0,http_flood,abnormal,0.0,1.0,0.0,0.0,1.0,http_flood,high
45,demo_http_flood.pcap#http_flood,11,220.0,912,82.9091,28.173,1.0,0.0,1.0,0.909091,0.090909,10.0,2,1,11,1,0.99403,-0.0,3.459432,-0.0,4.86238,3.531708,0.726333,11,3.459432,0.909091,0.0,http_flood,abnormal,0.0,1.0,0.0,0.0,1.0,http_flood,high
46,demo_http_flood.pcap#http_flood,10,200.0,740,74,0.0,1.0,0.0,1.0,1.0,0.0,10.0,2,1,10,1,1.0,-0.0,3.321928,-0.0,4.642672,4.23848,0.91294,10,3.321928,1.0,0.0,http_flood,abnormal,0.0,1.0,0.0,0.0,1.0,http_flood,high
47,demo_http_flood.pcap#http_flood,8,160.0,592,74,0.0,1.0,0.0,1.0,1.0,0.0,8.0,2,1,8,1,0.954434,-0.0,3.0,-0.0,5.872692,4.186256,0.712834,8,3.0,1.0,0.0,http_flood,abnormal,0.0,1.0,0.0,0.0,1.0,http_flood,high
48,demo_http_flood.pcap#http_flood,5,100.0,370,74,0.0,1.0,0.0,1.0,1.0,0.0,5.0,1,1,5,1,-0.0,-0.0,2.321928,-0.0,10.254264,0.02306,0.002249,5,2.321928,1.0,0.0,http_flood,abnormal,0.0,1.0,0.0,0.0,1.0,http_flood,high
49,demo_http_flood.pcap#http_flood,5,100.0,370,74,0.0,1.0,0.0,1.0,1.0,0.0,5.0,1,1,5,1,-0.0,-0.0,2.321928,-0.0,10.32275,0.030093,0.002915,5,2.321928,1.0,0.0,http_flood,abnormal,0.0,1.0,0.0,0.0,1.0,http_flood,high
50,demo_http_flood.pcap#http_flood,5,100.0,370,74,0.0,1.0,0.0,1.0,1.0,0.0,5.0,1,1,5,1,-0.0,-0.0,2.321928,-0.0,10.319233,0.027,0.002617,5,2.321928,1.0,0.0,http_flood,abnormal,0.0,1.0,0.0,0.0,1.0,http_flood,high
51,demo_http_flood.pcap#http_flood,5,100.0,370,74,0.0,1.0,0.0,1.0,1.0,0.0,5.0,1,1,5,1,-0.0,-0.0,2.321928,-0.0,9.84621,0.855269,0.086863,5,2.321928,1.0,0.0,http_flood,abnormal,0.0,1.0,0.0,0.0,1.0,http_flood,high
52,demo_http_flood.pcap#http_flood,6,120.0,444,74,0.0,1.0,0.0,1.0,1.0,0.0,6.0,2,1,6,1,0.918296,-0.0,2.584963,-0.0,0.005388,0.00642,1.191441,6,2.584963,1.0,0.0,http_flood,abnormal,0.0,1.0,0.0,0.0,1.0,http_flood,high
53,demo_http_flood.pcap#http_flood,186,3720.0,13076,70.3011,3.9887,1.0,0.0,1.0,0.537634,0.924731,0.581395,3,3,101,87,1.295607,1.164698,4.567875,3.967193,0.002437,0.008466,3.473757,186,7.539159,1.0,0.0,http_flood,abnormal,0.0,1.0,0.0,0.0,1.0,http_flood,high
54,demo_http_flood.pcap#http_flood,24,480.0,1728,72,3.4641,1.0,0.0,1.0,0.75,0.5,1.5,3,2,19,7,1.5,0.811278,3.938722,1.457519,0.003607,0.004202,1.164697,24,4.584963,1.0,0.0,http_flood,abnormal,0.0,1.0,0.0,0.0,1.0,http_flood,high
55,demo_http_flood.pcap#http_flood,26,520.0,1868,71.8462,3.5485,1.0,0.0,1.0,0.730769,0.538462,1.357143,3,2,20,8,1.497864,0.840359,3.944613,1.596185,0.009604,0.018828,1.96058,26,4.70044,1.0,0.0,http_flood,abnormal,0.0,1.0,0.0,0.0,1.0,http_flood,high
56,demo_http_flood.pcap#http_flood,26,520.0,1876,72.1538,3.3706,1.0,0.0,1.0,0.769231,0.461538,1.666667,3,2,21,7,1.497864,0.77935,4.10391,1.37588,0.003843,0.009176,2.387448,26,4.70044,1.0,0.0,http_flood,abnormal,0.0,1.0,0.0,0.0,1.0,http_flood,high
57,demo_http_flood.pcap#http_flood,37,740.0,4293,116.027,61.4753,1.0,0.0,1.0,0.486486,0.675676,0.72,3,2,32,7,1.446212,0.639457,4.79027,1.05864,0.002609,0.006282,2.407531,37,5.209453,0.648649,0.0,http_flood,abnormal,0.0,1.0,0.0,0.0,1.0,http_flood,high
58,demo_http_flood.pcap#http_flood,37,740.0,4293,116.027,61.4753,1.0,0.0,1.0,0.486486,0.675676,0.72,3,2,32,7,1.446212,0.639457,4.79027,1.05864,0.00247,0.004112,1.664417,37,5.209453,0.648649,0.0,http_flood,abnormal,0.0,1.0,0.0,0.0,1.0,http_flood,high
59,demo_http_flood.pcap#http_flood,38,760.0,4214,110.8947,59.0485,1.0,0.0,1.0,0.5,0.684211,0.730769,3,2,32,8,1.474726,0.689202,4.730783,1.206346,0.023861,0.127719,5.352594,38,5.247928,0.684211,0.0,http_flood,abnormal,0.0,1.0,0.0,0.0,1.0,http_flood,high
60,demo_http_flood.pcap#http_flood,39,780.0,4441,113.8718,60.5916,1.0,0.0,1.0,0.512821,0.641026,0.8,3,2,34,7,1.437862,0.619382,4.887716,1.017069,0.003451,0.008367,2.424653,39,5.285402,0.666667,0.0,http_flood,abnormal,0.0,1.0,0.0,0.0,1.0,http_flood,high
61,demo_http_flood.pcap#http_flood,36,720.0,4172,115.8889,60.2296,1.0,0.0,1.0,0.472222,0.694444,0.68,3,2,31,7,1.472637,0.650022,4.739098,1.08085,0.002398,0.005235,2.183356,36,5.169925,0.638889,0.0,http_flood,abnormal,0.0,1.0,0.0,0.0,1.0,http_flood,high
62,demo_http_flood.pcap#http_flood,26,520.0,3350,128.8462,63.7964,1.0,0.0,1.0,0.384615,0.769231,0.5,3,2,23,5,1.460485,0.619382,4.392747,0.927075,0.00576,0.014197,2.464711,26,4.70044,0.538462,0.0,http_flood,abnormal,0.0,1.0,0.0,0.0,1.0,http_flood,high
63,demo_http_flood.pcap#http_flood,18,360.0,2790,155,60.4042,1.0,0.0,1.0,0.333333,0.666667,0.5,2,1,18,1,0.918296,-0.0,4.169925,-0.0,0.001585,0.001199,0.756521,18,4.169925,0.333333,0.0,http_flood,abnormal,0.0,1.0,0.0,0.0,1.0,http_flood,high
64,demo_http_flood.pcap#http_flood,18,360.0,2790,155,60.4042,1.0,0.0,1.0,0.333333,0.666667,0.5,2,1,18,1,0.918296,-0.0,4.169925,-0.0,0.001823,0.001127,0.618167,18,4.169925,0.333333,0.0,http_flood,abnormal,0.0,1.0,0.0,0.0,1.0,http_flood,high
65,demo_http_flood.pcap#http_flood,17,340.0,2959,174.0588,50.9919,1.0,0.0,1.0,0.176471,0.823529,0.214286,2,1,17,1,0.977418,-0.0,4.087463,-0.0,0.004813,0.009584,1.991323,17,4.087463,0.176471,0.0,http_flood,abnormal,0.0,1.0,0.0,0.0,1.0,http_flood,high
66,demo_http_flood.pcap#http_flood,8,160.0,1470,183.75,20.3516,1.0,0.0,1.0,0.0,1.0,0.0,2,1,8,1,0.811278,-0.0,3.0,-0.0,0.00797,0.006801,0.853311,8,3.0,0.0,0.0,http_flood,abnormal,0.0,1.0,0.0,0.0,1.0,http_flood,high
67,demo_http_flood.pcap#http_flood,11,220.0,1402,127.4545,48.7971,1.0,0.0,1.0,0.454545,0.545455,0.833333,2,1,11,1,0.99403,-0.0,3.459432,-0.0,4.859996,5.030814,1.035148,11,3.459432,0.454545,0.0,http_flood,abnormal,0.0,1.0,0.0,0.0,1.0,http_flood,high
68,demo_http_flood.pcap#http_flood,13,260.0,1648,126.7692,48.8548,1.0,0.0,1.0,0.461538,0.538462,0.857143,2,1,13,1,0.995727,-0.0,3.70044,-0.0,3.916502,4.392967,1.121656,13,3.70044,0.461538,0.0,http_flood,abnormal,0.0,1.0,0.0,0.0,1.0,http_flood,high
69,demo_http_flood.pcap#http_flood,9,180.0,1058,117.5556,48.6966,1.0,0.0,1.0,0.555556,0.444444,1.25,2,1,9,1,0.991076,-0.0,3.169925,-0.0,5.116999,4.452307,0.870101,9,3.169925,0.555556,0.0,http_flood,abnormal,0.0,1.0,0.0,0.0,1.0,http_flood,high
70,demo_http_flood.pcap#http_flood,6,120.0,542,90.3333,36.5224,1.0,0.0,1.0,0.833333,0.166667,5.0,2,1,6,1,0.650022,-0.0,2.584963,-0.0,8.317995,2.606462,0.313352,6,2.584963,0.833333,0.0,http_flood,abnormal,0.0,1.0,0.0,0.0,1.0,http_flood,high
71,demo_http_flood.pcap#http_flood,6,120.0,444,74,0.0,1.0,0.0,1.0,1.0,0.0,6.0,1,1,6,1,-0.0,-0.0,2.584963,-0.0,9.527588,0.985486,0.103435,6,2.584963,1.0,0.0,http_flood,abnormal,0.0,1.0,0.0,0.0,1.0,http_flood,high
72,demo_http_flood.pcap#http_flood,5,100.0,370,74,0.0,1.0,0.0,1.0,1.0,0.0,5.0,1,1,5,1,-0.0,-0.0,2.321928,-0.0,10.311246,0.031403,0.003045,5,2.321928,1.0,0.0,http_flood,abnormal,0.0,1.0,0.0,0.0,1.0,http_flood,high
73,demo_http_flood.pcap#http_flood,5,100.0,370,74,0.0,1.0,0.0,1.0,1.0,0.0,5.0,1,1,5,1,-0.0,-0.0,2.321928,-0.0,10.277987,0.023919,0.002327,5,2.321928,1.0,0.0,http_flood,abnormal,0.0,1.0,0.0,0.0,1.0,http_flood,high
74,demo_http_flood.pcap#http_flood,5,100.0,370,74,0.0,1.0,0.0,1.0,1.0,0.0,5.0,1,1,5,1,-0.0,-0.0,2.321928,-0.0,10.09798,0.398922,0.039505,5,2.321928,1.0,0.0,http_flood,abnormal,0.0,1.0,0.0,0.0,1.0,http_flood,high
75,demo_http_flood.pcap#http_flood,5,100.0,370,74,0.0,1.0,0.0,1.0,1.0,0.0,5.0,1,1,5,1,-0.0,-0.0,2.321928,-0.0,10.301471,0.072299,0.007018,5,2.321928,1.0,0.0,http_flood,abnormal,0.0,1.0,0.0,0.0,1.0,http_flood,high
76,demo_http_flood.pcap#http_flood,5,100.0,370,74,0.0,1.0,0.0,1.0,1.0,0.0,5.0,1,1,5,1,-0.0,-0.0,2.321928,-0.0,10.291517,0.060203,0.00585,5,2.321928,1.0,0.0,http_flood,abnormal,0.0,1.0,0.0,0.0,1.0,http_flood,high
77,demo_http_flood.pcap#http_flood,5,100.0,370,74,0.0,1.0,0.0,1.0,1.0,0.0,5.0,1,1,5,1,-0.0,-0.0,2.321928,-0.0,10.372758,0.068766,0.006629,5,2.321928,1.0,0.0,http_flood,abnormal,0.0,1.0,0.0,0.0,1.0,http_flood,high
78,demo_http_flood.pcap#http_flood,3,60.0,222,74,0.0,1.0,0.0,1.0,1.0,0.0,3.0,1,1,3,1,-0.0,-0.0,1.584963,-0.0,10.948539,0.602603,0.05504,3,1.584963,1.0,0.0,http_flood,abnormal,0.0,1.0,0.0,0.0,1.0,http_flood,high
79,demo_http_flood.pcap#http_flood,2,40.0,148,74,0.0,1.0,0.0,1.0,1.0,0.0,2.0,1,1,2,1,-0.0,-0.0,1.0,-0.0,0.007868,0.0,0.0,2,1.0,1.0,0.0,http_flood,abnormal,0.0,1.0,0.0,0.0,1.0,http_flood,high
80,demo_http_flood.pcap#http_flood,7,140.0,518,74,0.0,1.0,0.0,1.0,1.0,0.0,7.0,1,1,7,1,-0.0,-0.0,2.807355,-0.0,0.002503,0.002131,0.851392,7,2.807355,1.0,0.0,http_flood,abnormal,0.0,1.0,0.0,0.0,1.0,http_flood,high
81,demo_http_flood.pcap#http_flood,6,120.0,444,74,0.0,1.0,0.0,1.0,1.0,0.0,6.0,1,1,6,1,-0.0,-0.0,2.584963,-0.0,0.002623,0.002764,1.053918,6,2.584963,1.0,0.0,http_flood,abnormal,0.0,1.0,0.0,0.0,1.0,http_flood,high
82,demo_http_flood.pcap#http_flood,6,120.0,444,74,0.0,1.0,0.0,1.0,1.0,0.0,6.0,1,1,6,1,-0.0,-0.0,2.584963,-0.0,0.002813,0.003157,1.122234,6,2.584963,1.0,0.0,http_flood,abnormal,0.0,1.0,0.0,0.0,1.0,http_flood,high
83,demo_http_flood.pcap#http_flood,7,140.0,518,74,0.0,1.0,0.0,1.0,1.0,0.0,7.0,1,1,7,1,-0.0,-0.0,2.807355,-0.0,0.002305,0.002511,1.08935,7,2.807355,1.0,0.0,http_flood,abnormal,0.0,1.0,0.0,0.0,1.0,http_flood,high
84,demo_http_flood.pcap#http_flood,6,120.0,444,74,0.0,1.0,0.0,1.0,1.0,0.0,6.0,1,1,6,1,-0.0,-0.0,2.584963,-0.0,0.001431,0.001374,0.960324,6,2.584963,1.0,0.0,http_flood,abnormal,0.0,1.0,0.0,0.0,1.0,http_flood,high
85,demo_http_flood.pcap#http_flood,7,140.0,518,74,0.0,1.0,0.0,1.0,1.0,0.0,7.0,1,1,7,1,-0.0,-0.0,2.807355,-0.0,0.002344,0.002599,1.108454,7,2.807355,1.0,0.0,http_flood,abnormal,0.0,1.0,0.0,0.0,1.0,http_flood,high
86,demo_http_flood.pcap#http_flood,6,120.0,444,74,0.0,1.0,0.0,1.0,1.0,0.0,6.0,1,1,6,1,-0.0,-0.0,2.584963,-0.0,0.002813,0.003143,1.117102,6,2.584963,1.0,0.0,http_flood,abnormal,0.0,1.0,0.0,0.0,1.0,http_flood,high
87,demo_http_flood.pcap#http_flood,6,120.0,444,74,0.0,1.0,0.0,1.0,1.0,0.0,6.0,1,1,6,1,-0.0,-0.0,2.584963,-0.0,0.003815,0.004551,1.193079,6,2.584963,1.0,0.0,http_flood,abnormal,0.0,1.0,0.0,0.0,1.0,http_flood,high
88,demo_http_flood.pcap#http_flood,6,120.0,444,74,0.0,1.0,0.0,1.0,1.0,0.0,6.0,1,1,6,1,-0.0,-0.0,2.584963,-0.0,0.003433,0.003916,1.140751,6,2.584963,1.0,0.0,http_flood,abnormal,0.0,1.0,0.0,0.0,1.0,http_flood,high
89,demo_http_flood.pcap#http_flood,1,20.0,74,74,0.0,1.0,0.0,1.0,1.0,0.0,1.0,1,1,1,1,-0.0,-0.0,-0.0,-0.0,0.0,0.0,0.0,1,-0.0,1.0,0.0,http_flood,abnormal,0.0,1.0,0.0,0.0,1.0,http_flood,high
90,demo_http_flood.pcap#http_flood,6,120.0,444,74,0.0,1.0,0.0,1.0,1.0,0.0,6.0,1,1,6,1,-0.0,-0.0,2.584963,-0.0,8.698416,0.366635,0.04215,6,2.584963,1.0,0.0,http_flood,abnormal,0.0,1.0,0.0,0.0,1.0,http_flood,high
91,demo_http_flood.pcap#http_flood,6,120.0,444,74,0.0,1.0,0.0,1.0,1.0,0.0,6.0,1,1,6,1,-0.0,-0.0,2.584963,-0.0,9.350204,0.681916,0.072931,6,2.584963,1.0,0.0,http_flood,abnormal,0.0,1.0,0.0,0.0,1.0,http_flood,high
92,demo_http_flood.pcap#http_flood,5,100.0,370,74,0.0,1.0,0.0,1.0,1.0,0.0,5.0,1,1,5,1,-0.0,-0.0,2.321928,-0.0,10.347009,0.015565,0.001504,5,2.321928,1.0,0.0,http_flood,abnormal,0.0,1.0,0.0,0.0,1.0,http_flood,high
93,demo_http_flood.pcap#http_flood,5,100.0,370,74,0.0,1.0,0.0,1.0,1.0,0.0,5.0,1,1,5,1,-0.0,-0.0,2.321928,-0.0,10.457754,0.089365,0.008545,5,2.321928,1.0,0.0,http_flood,abnormal,0.0,1.0,0.0,0.0,1.0,http_flood,high
94,demo_http_flood.pcap#http_flood,5,100.0,370,74,0.0,1.0,0.0,1.0,1.0,0.0,5.0,1,1,5,1,-0.0,-0.0,2.321928,-0.0,10.092974,0.450109,0.044596,5,2.321928,1.0,0.0,http_flood,abnormal,0.0,1.0,0.0,0.0,1.0,http_flood,high
95,demo_http_flood.pcap#http_flood,5,100.0,370,74,0.0,1.0,0.0,1.0,1.0,0.0,5.0,1,1,5,1,-0.0,-0.0,2.321928,-0.0,10.095537,0.397143,0.039338,5,2.321928,1.0,0.0,http_flood,abnormal,0.0,1.0,0.0,0.0,1.0,http_flood,high
96,demo_http_flood.pcap#http_flood,5,100.0,370,74,0.0,1.0,0.0,1.0,1.0,0.0,5.0,1,1,5,1,-0.0,-0.0,2.321928,-0.0,10.299265,0.031965,0.003104,5,2.321928,1.0,0.0,http_flood,abnormal,0.0,1.0,0.0,0.0,1.0,http_flood,high
97,demo_http_flood.pcap#http_flood,6,120.0,444,74,0.0,1.0,0.0,1.0,1.0,0.0,6.0,1,1,6,1,-0.0,-0.0,2.584963,-0.0,9.989214,0.818603,0.081949,6,2.584963,1.0,0.0,http_flood,abnormal,0.0,1.0,0.0,0.0,1.0,http_flood,high
98,demo_http_flood.pcap#http_flood,5,100.0,370,74,0.0,1.0,0.0,1.0,1.0,0.0,5.0,1,1,5,1,-0.0,-0.0,2.321928,-0.0,10.499716,0.064308,0.006125,5,2.321928,1.0,0.0,http_flood,abnormal,0.0,1.0,0.0,0.0,1.0,http_flood,high
99,demo_http_flood.pcap#http_flood,5,100.0,370,74,0.0,1.0,0.0,1.0,1.0,0.0,5.0,1,1,5,1,-0.0,-0.0,2.321928,-0.0,10.155737,0.833509,0.082073,5,2.321928,1.0,0.0,http_flood,abnormal,0.0,1.0,0.0,0.0,1.0,http_flood,high
100,demo_http_flood.pcap#http_flood,5,100.0,370,74,0.0,1.0,0.0,1.0,1.0,0.0,5.0,1,1,5,1,-0.0,-0.0,2.321928,-0.0,10.44476,0.873731,0.083653,5,2.321928,1.0,0.0,http_flood,abnormal,0.0,1.0,0.0,0.0,1.0,http_flood,high
101,demo_http_flood.pcap#http_flood,15,300.0,2713,180.8667,47.2523,1.0,0.0,1.0,0.133333,0.866667,0.153846,2,1,15,1,0.970951,-0.0,3.906891,-0.0,2.01915,5.108365,2.529958,15,3.906891,0.133333,0.0,http_flood,abnormal,0.0,1.0,0.0,0.0,1.0,http_flood,high
102,demo_http_flood.pcap#http_flood,13,260.0,2565,197.3077,23.4304,1.0,0.0,1.0,0.0,1.0,0.0,2,1,13,1,0.995727,-0.0,3.70044,-0.0,0.075261,0.238119,3.16392,13,3.70044,0.0,0.0,http_flood,abnormal,0.0,1.0,0.0,0.0,1.0,http_flood,high
103,demo_http_flood.pcap#http_flood,12,240.0,2346,195.5,23.5,1.0,0.0,1.0,0.0,1.0,0.0,2,1,12,1,1.0,-0.0,3.584963,-0.0,0.002536,0.001886,0.743835,12,3.584963,0.0,0.0,http_flood,abnormal,0.0,1.0,0.0,0.0,1.0,http_flood,high
104,demo_http_flood.pcap#http_flood,13,260.0,2565,197.3077,23.4304,1.0,0.0,1.0,0.0,1.0,0.0,2,1,13,1,0.995727,-0.0,3.70044,-0.0,0.079413,0.253402,3.190924,13,3.70044,0.0,0.0,http_flood,abnormal,0.0,1.0,0.0,0.0,1.0,http_flood,high
105,demo_http_flood.pcap#http_flood,13,260.0,2518,193.6923,23.4304,1.0,0.0,1.0,0.0,1.0,0.0,2,1,13,1,0.995727,-0.0,3.70044,-0.0,0.002166,0.00158,0.729516,13,3.70044,0.0,0.0,http_flood,abnormal,0.0,1.0,0.0,0.0,1.0,http_flood,high
106,demo_http_flood.pcap#http_flood,12,240.0,2346,195.5,23.5,1.0,0.0,1.0,0.0,1.0,0.0,2,1,12,1,1.0,-0.0,3.584963,-0.0,0.004465,0.004328,0.969246,12,3.584963,0.0,0.0,http_flood,abnormal,0.0,1.0,0.0,0.0,1.0,http_flood,high
107,demo_http_flood.pcap#http_flood,12,240.0,2346,195.5,23.5,1.0,0.0,1.0,0.0,1.0,0.0,2,1,12,1,1.0,-0.0,3.584963,-0.0,0.002558,0.00177,0.692015,12,3.584963,0.0,0.0,http_flood,abnormal,0.0,1.0,0.0,0.0,1.0,http_flood,high
108,demo_http_flood.pcap#http_flood,19,380.0,2864,150.7368,61.5124,1.0,0.0,1.0,0.368421,0.631579,0.583333,2,1,19,1,0.899744,-0.0,4.247928,-0.0,0.008,0.024532,3.06634,19,4.247928,0.368421,0.0,http_flood,abnormal,0.0,1.0,0.0,0.0,1.0,http_flood,high
109,demo_http_flood.pcap#http_flood,193,3860.0,15295,79.2487,33.3446,1.0,0.0,1.0,0.481865,0.963731,0.5,3,3,101,87,1.37674,1.15411,4.656401,3.85496,0.00285,0.012591,4.418217,186,7.519918,0.927461,0.0,http_flood,abnormal,0.0,1.0,0.0,0.0,1.0,http_flood,high
110,demo_http_flood.pcap#http_flood,26,520.0,2754,105.9231,53.1912,1.0,0.0,1.0,0.461538,0.769231,0.6,3,2,21,7,1.457266,0.77935,4.10391,1.37588,0.005598,0.011101,1.983081,26,4.70044,0.692308,0.0,http_flood,abnormal,0.0,1.0,0.0,0.0,1.0,http_flood,high
111,demo_http_flood.pcap#http_flood,26,520.0,2456,94.4615,42.6012,1.0,0.0,1.0,0.5,0.769231,0.65,3,2,20,8,1.497864,0.840359,3.944613,1.596185,0.009041,0.015828,1.750736,26,4.70044,0.769231,0.0,http_flood,abnormal,0.0,1.0,0.0,0.0,1.0,http_flood,high
112,demo_http_flood.pcap#http_flood,26,520.0,2562,98.5385,44.7026,1.0,0.0,1.0,0.5,0.730769,0.684211,3,2,21,7,1.497864,0.77935,4.10391,1.37588,0.006199,0.014031,2.263422,26,4.70044,0.730769,0.0,http_flood,abnormal,0.0,1.0,0.0,0.0,1.0,http_flood,high
113,demo_http_flood.pcap#http_flood,22,440.0,1972,89.6364,38.9762,1.0,0.0,1.0,0.545455,0.727273,0.75,3,2,17,7,1.435371,0.845351,3.754442,1.550341,0.006948,0.021529,3.098536,22,4.459432,0.818182,0.0,http_flood,abnormal,0.0,1.0,0.0,0.0,1.0,http_flood,high
114,demo_http_flood.pcap#http_flood,19,380.0,1456,76.6316,22.7763,1.0,0.0,1.0,0.631579,0.684211,0.923077,3,2,14,7,1.167437,0.899744,3.431624,1.716048,0.058214,0.223228,3.834625,19,4.247928,0.947368,0.0,http_flood,abnormal,0.0,1.0,0.0,0.0,1.0,http_flood,high
115,demo_http_flood.pcap#http_flood,20,400.0,1424,71.2,3.8158,1.0,0.0,1.0,0.65,0.7,0.928571,2,2,14,8,0.934068,0.934068,3.339354,1.916642,0.004254,0.009244,2.173002,20,4.321928,1.0,0.0,http_flood,abnormal,0.0,1.0,0.0,0.0,1.0,http_flood,high
116,demo_http_flood.pcap#http_flood,18,360.0,1284,71.3333,3.7712,1.0,0.0,1.0,0.666667,0.666667,1.0,2,2,13,7,0.918296,0.918296,3.308271,1.77995,0.00453,0.010189,2.249255,18,4.169925,1.0,0.0,http_flood,abnormal,0.0,1.0,0.0,0.0,1.0,http_flood,high
117,demo_http_flood.pcap#http_flood,15,300.0,1062,70.8,3.9192,1.0,0.0,1.0,0.6,0.8,0.75,2,2,10,7,0.970951,0.970951,2.872906,2.004936,0.006642,0.015765,2.373689,15,3.906891,1.0,0.0,http_flood,abnormal,0.0,1.0,0.0,0.0,1.0,http_flood,high
118,demo_http_flood.pcap#http_flood,8,160.0,560,70,4.0,1.0,0.0,1.0,0.5,1.0,0.5,2,2,5,5,1.0,1.0,2.0,2.0,0.011989,0.022512,1.877693,8,3.0,1.0,0.0,http_flood,abnormal,0.0,1.0,0.0,0.0,1.0,http_flood,high
119,demo_http_flood.pcap#normal,25,500.0,1916,76.64,26.2585,1.0,0.0,1.0,0.64,0.68,0.941176,2,2,9,9,0.904381,0.904381,2.933661,1.864381,0.071585,0.222813,3.112563,16,3.893661,0.96,0.0,normal,normal,1.0,0.0,0.0,0.0,0.0,none,none
120,demo_http_flood.pcap#normal,1,20.0,199,199,0.0,1.0,0.0,1.0,0.0,1.0,0.0,1,1,1,1,-0.0,-0.0,-0.0,-0.0,0.0,0.0,0.0,1,-0.0,0.0,0.0,normal,normal,1.0,0.0,0.0,0.0,0.0,none,none
121,demo_http_flood.pcap#normal,1,20.0,206,206,0.0,1.0,0.0,1.0,0.0,1.0,0.0,1,1,1,1,-0.0,-0.0,-0.0,-0.0,0.0,0.0,0.0,1,-0.0,0.0,0.0,normal,normal,1.0,0.0,0.0,0.0,0.0,none,none
122,demo_http_flood.pcap#normal,1,20.0,212,212,0.0,1.0,0.0,1.0,0.0,1.0,0.0,1,1,1,1,-0.0,-0.0,-0.0,-0.0,0.0,0.0,0.0,1,-0.0,0.0,0.0,normal,normal,1.0,0.0,0.0,0.0,0.0,none,none
123,demo_http_flood.pcap#normal,2,40.0,634,317,113.0,1.0,0.0,1.0,0.0,1.0,0.0,1,1,2,1,-0.0,-0.0,1.0,-0.0,1.433849,0.0,0.0,2,1.0,0.0,0.0,normal,normal,1.0,0.0,0.0,0.0,0.0,none,none
124,demo_http_flood.pcap#normal,2,40.0,593,296.5,97.5,1.0,0.0,1.0,0.0,1.0,0.0,1,1,2,1,-0.0,-0.0,1.0,-0.0,6.994963,0.0,0.0,2,1.0,0.0,0.0,normal,normal,1.0,0.0,0.0,0.0,0.0,none,none
125,demo_http_flood.pcap#normal,2,40.0,399,199.5,6.5,1.0,0.0,1.0,0.0,1.0,0.0,1,1,2,1,-0.0,-0.0,1.0,-0.0,4.734039,0.0,0.0,2,1.0,0.0,0.0,normal,normal,1.0,0.0,0.0,0.0,0.0,none,none
126,demo_http_flood.pcap#normal,2,40.0,424,212,0.0,1.0,0.0,1.0,0.0,1.0,0.0,1,1,2,1,-0.0,-0.0,1.0,-0.0,2.675056,0.0,0.0,2,1.0,0.0,0.0,normal,normal,1.0,0.0,0.0,0.0,0.0,none,none
127,demo_http_flood.pcap#normal,2,40.0,634,317,113.0,1.0,0.0,1.0,0.0,1.0,0.0,1,1,2,1,-0.0,-0.0,1.0,-0.0,7.956982,0.0,0.0,2,1.0,0.0,0.0,normal,normal,1.0,0.0,0.0,0.0,0.0,none,none
128,demo_http_flood.pcap#normal,3,60.0,786,262,93.3702,1.0,0.0,1.0,0.0,1.0,0.0,1,1,3,1,-0.0,-0.0,1.584963,-0.0,23.517966,16.469121,0.700278,3,1.584963,0.0,0.0,normal,normal,1.0,0.0,0.0,0.0,0.0,none,none
129,demo_http_flood.pcap#normal,3,60.0,630,210,2.8284,1.0,0.0,1.0,0.0,1.0,0.0,1,1,3,1,-0.0,-0.0,1.584963,-0.0,24.471521,16.574383,0.677293,3,1.584963,0.0,0.0,normal,normal,1.0,0.0,0.0,0.0,0.0,none,none
130,demo_http_flood.pcap#normal,1,20.0,430,430,0.0,1.0,0.0,1.0,0.0,1.0,0.0,1,1,1,1,-0.0,-0.0,-0.0,-0.0,0.0,0.0,0.0,1,-0.0,0.0,0.0,normal,normal,1.0,0.0,0.0,0.0,0.0,none,none
131,demo_http_flood.pcap#normal,2,40.0,587,293.5,100.5,1.0,0.0,1.0,0.0,1.0,0.0,1,1,2,1,-0.0,-0.0,1.0,-0.0,46.925783,0.0,0.0,2,1.0,0.0,0.0,normal,normal,1.0,0.0,0.0,0.0,0.0,none,none
132,demo_http_flood.pcap#normal,1,20.0,212,212,0.0,1.0,0.0,1.0,0.0,1.0,0.0,1,1,1,1,-0.0,-0.0,-0.0,-0.0,0.0,0.0,0.0,1,-0.0,0.0,0.0,normal,normal,1.0,0.0,0.0,0.0,0.0,none,none
133,demo_http_flood.pcap#normal,1,20.0,204,204,0.0,1.0,0.0,1.0,0.0,1.0,0.0,1,1,1,1,-0.0,-0.0,-0.0,-0.0,0.0,0.0,0.0,1,-0.0,0.0,0.0,normal,normal,1.0,0.0,0.0,0.0,0.0,none,none
134,demo_http_flood.pcap#normal,2,40.0,405,202.5,3.5,1.0,0.0,1.0,0.0,1.0,0.0,1,1,2,1,-0.0,-0.0,1.0,-0.0,48.047066,0.0,0.0,2,1.0,0.0,0.0,normal,normal,1.0,0.0,0.0,0.0,0.0,none,none
135,demo_http_flood.pcap#normal,2,40.0,642,321,109.0,1.0,0.0,1.0,0.0,1.0,0.0,1,1,2,1,-0.0,-0.0,1.0,-0.0,48.051834,0.0,0.0,2,1.0,0.0,0.0,normal,normal,1.0,0.0,0.0,0.0,0.0,none,none
136,demo_http_flood.pcap#normal,17,340.0,1514,89.0588,76.334,1.0,0.0,1.0,0.470588,1.0,0.470588,2,2,9,9,0.997503,0.997503,2.558051,2.409267,1.99993,7.484787,3.742525,16,3.969816,0.941176,0.0,normal,normal,1.0,0.0,0.0,0.0,0.0,none,none
137,demo_http_flood.pcap#normal,2,40.0,405,202.5,9.5,1.0,0.0,1.0,0.0,1.0,0.0,1,1,2,1,-0.0,-0.0,1.0,-0.0,48.15197,0.0,0.0,2,1.0,0.0,0.0,normal,normal,1.0,0.0,0.0,0.0,0.0,none,none
138,demo_http_flood.pcap#normal,2,40.0,403,201.5,2.5,1.0,0.0,1.0,0.0,1.0,0.0,1,1,2,1,-0.0,-0.0,1.0,-0.0,0.000954,0.0,0.0,2,1.0,0.0,0.0,normal,normal,1.0,0.0,0.0,0.0,0.0,none,none
139,demo_http_flood.pcap#normal,1,20.0,206,206,0.0,1.0,0.0,1.0,0.0,1.0,0.0,1,1,1,1,-0.0,-0.0,-0.0,-0.0,0.0,0.0,0.0,1,-0.0,0.0,0.0,normal,normal,1.0,0.0,0.0,0.0,0.0,none,none
140,demo_http_flood.pcap#normal,1,20.0,212,212,0.0,1.0,0.0,1.0,0.0,1.0,0.0,1,1,1,1,-0.0,-0.0,-0.0,-0.0,0.0,0.0,0.0,1,-0.0,0.0,0.0,normal,normal,1.0,0.0,0.0,0.0,0.0,none,none
141,demo_http_flood.pcap#normal,1,20.0,430,430,0.0,1.0,0.0,1.0,0.0,1.0,0.0,1,1,1,1,-0.0,-0.0,-0.0,-0.0,0.0,0.0,0.0,1,-0.0,0.0,0.0,normal,normal,1.0,0.0,0.0,0.0,0.0,none,none
142,demo_http_flood.pcap#normal,2,40.0,587,293.5,100.5,1.0,0.0,1.0,0.0,1.0,0.0,1,1,2,1,-0.0,-0.0,1.0,-0.0,0.002861,0.0,0.0,2,1.0,0.0,0.0,normal,normal,1.0,0.0,0.0,0.0,0.0,none,none
143,demo_http_flood.pcap#normal,3,60.0,360,120,65.0538,1.0,0.0,1.0,0.666667,0.333333,2.0,1,1,3,1,-0.0,-0.0,1.584963,-0.0,24.295568,24.015427,0.988469,3,1.584963,0.666667,0.0,normal,normal,1.0,0.0,0.0,0.0,0.0,none,none
144,demo_http_flood.pcap#normal,1,20.0,74,74,0.0,1.0,0.0,1.0,1.0,0.0,1.0,1,1,1,1,-0.0,-0.0,-0.0,-0.0,0.0,0.0,0.0,1,-0.0,1.0,0.0,normal,normal,1.0,0.0,0.0,0.0,0.0,none,none
145,demo_http_flood.pcap#normal,1,20.0,74,74,0.0,1.0,0.0,1.0,1.0,0.0,1.0,1,1,1,1,-0.0,-0.0,-0.0,-0.0,0.0,0.0,0.0,1,-0.0,1.0,0.0,normal,normal,1.0,0.0,0.0,0.0,0.0,none,none
146,demo_http_flood.pcap#normal,1,20.0,74,74,0.0,1.0,0.0,1.0,1.0,0.0,1.0,1,1,1,1,-0.0,-0.0,-0.0,-0.0,0.0,0.0,0.0,1,-0.0,1.0,0.0,normal,normal,1.0,0.0,0.0,0.0,0.0,none,none
147,demo_http_flood.pcap#normal,1,20.0,74,74,0.0,1.0,0.0,1.0,1.0,0.0,1.0,1,1,1,1,-0.0,-0.0,-0.0,-0.0,0.0,0.0,0.0,1,-0.0,1.0,0.0,normal,normal,1.0,0.0,0.0,0.0,0.0,none,none
148,demo_http_flood.pcap#normal,1,20.0,74,74,0.0,1.0,0.0,1.0,1.0,0.0,1.0,1,1,1,1,-0.0,-0.0,-0.0,-0.0,0.0,0.0,0.0,1,-0.0,1.0,0.0,normal,normal,1.0,0.0,0.0,0.0,0.0,none,none
149,demo_http_flood.pcap#normal,1,20.0,74,74,0.0,1.0,0.0,1.0,1.0,0.0,1.0,1,1,1,1,-0.0,-0.0,-0.0,-0.0,0.0,0.0,0.0,1,-0.0,1.0,0.0,normal,normal,1.0,0.0,0.0,0.0,0.0,none,none
150,demo_http_flood.pcap#normal,1,20.0,74,74,0.0,1.0,0.0,1.0,1.0,0.0,1.0,1,1,1,1,-0.0,-0.0,-0.0,-0.0,0.0,0.0,0.0,1,-0.0,1.0,0.0,normal,normal,1.0,0.0,0.0,0.0,0.0,none,none
151,demo_http_flood.pcap#normal,17,340.0,1194,70.2353,3.9931,1.0,0.0,1.0,0.529412,0.941176,0.5625,2,2,10,9,0.997503,0.997503,2.675698,2.409267,0.009999,0.021011,2.101381,17,4.087463,1.0,0.0,normal,normal,1.0,0.0,0.0,0.0,0.0,none,none
152,demo_http_flood.pcap#normal,2,40.0,148,74,0.0,1.0,0.0,1.0,1.0,0.0,2.0,1,1,2,1,-0.0,-0.0,1.0,-0.0,0.004053,0.0,0.0,2,1.0,1.0,0.0,normal,normal,1.0,0.0,0.0,0.0,0.0,none,none
153,demo_http_flood.pcap#normal,1,20.0,74,74,0.0,1.0,0.0,1.0,1.0,0.0,1.0,1,1,1,1,-0.0,-0.0,-0.0,-0.0,0.0,0.0,0.0,1,-0.0,1.0,0.0,normal,normal,1.0,0.0,0.0,0.0,0.0,none,none
154,demo_http_flood.pcap#normal,1,20.0,74,74,0.0,1.0,0.0,1.0,1.0,0.0,1.0,1,1,1,1,-0.0,-0.0,-0.0,-0.0,0.0,0.0,0.0,1,-0.0,1.0,0.0,normal,normal,1.0,0.0,0.0,0.0,0.0,none,none
155,demo_http_flood.pcap#normal,3,60.0,477,159,60.1387,1.0,0.0,1.0,0.333333,0.666667,0.5,1,1,3,1,-0.0,-0.0,1.584963,-0.0,0.003457,0.002503,0.724138,3,1.584963,0.333333,0.0,normal,normal,1.0,0.0,0.0,0.0,0.0,none,none
156,demo_http_flood.pcap#normal,2,40.0,280,140,66.0,1.0,0.0,1.0,0.5,0.5,1.0,1,1,2,1,-0.0,-0.0,1.0,-0.0,0.00596,0.0,0.0,2,1.0,0.5,0.0,normal,normal,1.0,0.0,0.0,0.0,0.0,none,none
157,demo_http_flood.pcap#normal,1,20.0,212,212,0.0,1.0,0.0,1.0,0.0,1.0,0.0,1,1,1,1,-0.0,-0.0,-0.0,-0.0,0.0,0.0,0.0,1,-0.0,0.0,0.0,normal,normal,1.0,0.0,0.0,0.0,0.0,none,none
158,demo_http_flood.pcap#normal,1,20.0,430,430,0.0,1.0,0.0,1.0,0.0,1.0,0.0,1,1,1,1,-0.0,-0.0,-0.0,-0.0,0.0,0.0,0.0,1,-0.0,0.0,0.0,normal,normal,1.0,0.0,0.0,0.0,0.0,none,none
159,demo_http_flood.pcap#normal,2,40.0,587,293.5,100.5,1.0,0.0,1.0,0.0,1.0,0.0,1,1,2,1,-0.0,-0.0,1.0,-0.0,0.002861,0.0,0.0,2,1.0,0.0,0.0,normal,normal,1.0,0.0,0.0,0.0,0.0,none,none
160,demo_http_flood.pcap#normal,1,20.0,212,212,0.0,1.0,0.0,1.0,0.0,1.0,0.0,1,1,1,1,-0.0,-0.0,-0.0,-0.0,0.0,0.0,0.0,1,-0.0,0.0,0.0,normal,normal,1.0,0.0,0.0,0.0,0.0,none,none
161,demo_http_flood.pcap#normal,2,40.0,403,201.5,2.5,1.0,0.0,1.0,0.0,1.0,0.0,1,1,2,1,-0.0,-0.0,1.0,-0.0,0.001907,0.0,0.0,2,1.0,0.0,0.0,normal,normal,1.0,0.0,0.0,0.0,0.0,none,none
162,demo_http_flood.pcap#normal,1,20.0,206,206,0.0,1.0,0.0,1.0,0.0,1.0,0.0,1,1,1,1,-0.0,-0.0,-0.0,-0.0,0.0,0.0,0.0,1,-0.0,0.0,0.0,normal,normal,1.0,0.0,0.0,0.0,0.0,none,none
163,demo_http_flood.pcap#normal,1,20.0,212,212,0.0,1.0,0.0,1.0,0.0,1.0,0.0,1,1,1,1,-0.0,-0.0,-0.0,-0.0,0.0,0.0,0.0,1,-0.0,0.0,0.0,normal,normal,1.0,0.0,0.0,0.0,0.0,none,none
164,demo_http_flood.pcap#normal,1,20.0,430,430,0.0,1.0,0.0,1.0,0.0,1.0,0.0,1,1,1,1,-0.0,-0.0,-0.0,-0.0,0.0,0.0,0.0,1,-0.0,0.0,0.0,normal,normal,1.0,0.0,0.0,0.0,0.0,none,none
165,demo_http_flood.pcap#normal,2,40.0,587,293.5,100.5,1.0,0.0,1.0,0.0,1.0,0.0,1,1,2,1,-0.0,-0.0,1.0,-0.0,0.001907,0.0,0.0,2,1.0,0.0,0.0,normal,normal,1.0,0.0,0.0,0.0,0.0,none,none
166,demo_http_flood.pcap#normal,1,20.0,212,212,0.0,1.0,0.0,1.0,0.0,1.0,0.0,1,1,1,1,-0.0,-0.0,-0.0,-0.0,0.0,0.0,0.0,1,-0.0,0.0,0.0,normal,normal,1.0,0.0,0.0,0.0,0.0,none,none
167,demo_http_flood.pcap#normal,16,320.0,1120,70,4.0,1.0,0.0,1.0,0.5,1.0,0.5,2,2,9,9,1.0,1.0,2.5,2.5,0.012143,0.01949,1.605015,16,4.0,1.0,0.0,normal,normal,1.0,0.0,0.0,0.0,0.0,none,none
168,demo_http_flood.pcap#syn_flood,42,840.0,2268,54,0.0,1.0,0.0,1.0,1.0,0.0,42.0,42,1,42,1,5.392317,-0.0,5.392317,-0.0,1.194681,0.108303,0.090654,42,5.392317,1.0,0.0,syn_flood,abnormal,0.0,0.0,1.0,0.0,1.0,syn_flood,high
169,demo_http_flood.pcap#syn_flood,43,860.0,2322,54,0.0,1.0,0.0,1.0,1.0,0.0,43.0,43,1,43,1,5.426265,-0.0,5.426265,-0.0,1.190021,0.064622,0.054303,43,5.426265,1.0,0.0,syn_flood,abnormal,0.0,0.0,1.0,0.0,1.0,syn_flood,high
170,demo_http_flood.pcap#syn_flood,43,860.0,2322,54,0.0,1.0,0.0,1.0,1.0,0.0,43.0,43,1,43,1,5.426265,-0.0,5.426265,-0.0,1.177379,0.050063,0.042521,43,5.426265,1.0,0.0,syn_flood,abnormal,0.0,0.0,1.0,0.0,1.0,syn_flood,high
171,demo_http_flood.pcap#syn_flood,43,860.0,2322,54,0.0,1.0,0.0,1.0,1.0,0.0,43.0,43,1,43,1,5.426265,-0.0,5.426265,-0.0,1.177237,0.048783,0.041438,43,5.426265,1.0,0.0,syn_flood,abnormal,0.0,0.0,1.0,0.0,1.0,syn_flood,high
172,demo_http_flood.pcap#syn_flood,43,860.0,2322,54,0.0,1.0,0.0,1.0,1.0,0.0,43.0,43,1,43,1,5.426265,-0.0,5.426265,-0.0,1.161337,0.025417,0.021886,43,5.426265,1.0,0.0,syn_flood,abnormal,0.0,0.0,1.0,0.0,1.0,syn_flood,high
173,demo_http_flood.pcap#syn_flood,43,860.0,2322,54,0.0,1.0,0.0,1.0,1.0,0.0,43.0,43,1,43,1,5.426265,-0.0,5.426265,-0.0,1.169858,0.034295,0.029316,43,5.426265,1.0,0.0,syn_flood,abnormal,0.0,0.0,1.0,0.0,1.0,syn_flood,high
174,demo_http_flood.pcap#syn_flood,43,860.0,2322,54,0.0,1.0,0.0,1.0,1.0,0.0,43.0,43,1,43,1,5.426265,-0.0,5.426265,-0.0,1.173241,0.041094,0.035026,43,5.426265,1.0,0.0,syn_flood,abnormal,0.0,0.0,1.0,0.0,1.0,syn_flood,high
175,demo_http_flood.pcap#syn_flood,44,880.0,2376,54,0.0,1.0,0.0,1.0,1.0,0.0,44.0,44,1,44,1,5.459432,-0.0,5.459432,-0.0,1.162512,0.03931,0.033814,44,5.459432,1.0,0.0,syn_flood,abnormal,0.0,0.0,1.0,0.0,1.0,syn_flood,high
176,demo_http_flood.pcap#syn_flood,42,840.0,2268,54,0.0,1.0,0.0,1.0,1.0,0.0,42.0,42,1,42,1,5.392317,-0.0,5.392317,-0.0,1.211341,0.10937,0.090288,42,5.392317,1.0,0.0,syn_flood,abnormal,0.0,0.0,1.0,0.0,1.0,syn_flood,high
177,demo_http_flood.pcap#syn_flood,43,860.0,2322,54,0.0,1.0,0.0,1.0,1.0,0.0,43.0,43,1,43,1,5.426265,-0.0,5.426265,-0.0,1.174308,0.059184,0.050399,43,5.426265,1.0,0.0,syn_flood,abnormal,0.0,0.0,1.0,0.0,1.0,syn_flood,high
178,demo_http_flood.pcap#syn_flood,42,840.0,2268,54,0.0,1.0,0.0,1.0,1.0,0.0,42.0,42,1,42,1,5.392317,-0.0,5.392317,-0.0,1.198315,0.081301,0.067846,42,5.392317,1.0,0.0,syn_flood,abnormal,0.0,0.0,1.0,0.0,1.0,syn_flood,high
179,demo_http_flood.pcap#syn_flood,43,860.0,2322,54,0.0,1.0,0.0,1.0,1.0,0.0,43.0,43,1,43,1,5.426265,-0.0,5.426265,-0.0,1.176357,0.060323,0.05128,43,5.426265,1.0,0.0,syn_flood,abnormal,0.0,0.0,1.0,0.0,1.0,syn_flood,high
180,demo_http_flood.pcap#syn_flood,42,840.0,2268,54,0.0,1.0,0.0,1.0,1.0,0.0,42.0,42,1,42,1,5.392317,-0.0,5.392317,-0.0,1.191069,0.065422,0.054927,42,5.392317,1.0,0.0,syn_flood,abnormal,0.0,0.0,1.0,0.0,1.0,syn_flood,high
181,demo_http_flood.pcap#syn_flood,43,860.0,2322,54,0.0,1.0,0.0,1.0,1.0,0.0,43.0,43,1,43,1,5.426265,-0.0,5.426265,-0.0,1.166026,0.037322,0.032008,43,5.426265,1.0,0.0,syn_flood,abnormal,0.0,0.0,1.0,0.0,1.0,syn_flood,high
182,demo_http_flood.pcap#syn_flood,43,860.0,2322,54,0.0,1.0,0.0,1.0,1.0,0.0,43.0,43,1,43,1,5.426265,-0.0,5.426265,-0.0,1.175404,0.048688,0.041423,43,5.426265,1.0,0.0,syn_flood,abnormal,0.0,0.0,1.0,0.0,1.0,syn_flood,high
183,demo_http_flood.pcap#syn_flood,42,840.0,2268,54,0.0,1.0,0.0,1.0,1.0,0.0,42.0,42,1,42,1,5.392317,-0.0,5.392317,-0.0,1.201781,0.098622,0.082063,42,5.392317,1.0,0.0,syn_flood,abnormal,0.0,0.0,1.0,0.0,1.0,syn_flood,high
184,demo_http_flood.pcap#syn_flood,42,840.0,2268,54,0.0,1.0,0.0,1.0,1.0,0.0,42.0,42,1,42,1,5.392317,-0.0,5.392317,-0.0,1.211364,0.138408,0.114258,42,5.392317,1.0,0.0,syn_flood,abnormal,0.0,0.0,1.0,0.0,1.0,syn_flood,high
185,demo_http_flood.pcap#syn_flood,43,860.0,2322,54,0.0,1.0,0.0,1.0,1.0,0.0,43.0,43,1,43,1,5.426265,-0.0,5.426265,-0.0,1.182976,0.061794,0.052236,43,5.426265,1.0,0.0,syn_flood,abnormal,0.0,0.0,1.0,0.0,1.0,syn_flood,high
186,demo_http_flood.pcap#syn_flood,43,860.0,2322,54,0.0,1.0,0.0,1.0,1.0,0.0,43.0,43,1,43,1,5.426265,-0.0,5.426265,-0.0,1.17122,0.048504,0.041413,43,5.426265,1.0,0.0,syn_flood,abnormal,0.0,0.0,1.0,0.0,1.0,syn_flood,high
187,demo_http_flood.pcap#syn_flood,43,860.0,2322,54,0.0,1.0,0.0,1.0,1.0,0.0,43.0,43,1,43,1,5.426265,-0.0,5.426265,-0.0,1.187478,0.061432,0.051733,43,5.426265,1.0,0.0,syn_flood,abnormal,0.0,0.0,1.0,0.0,1.0,syn_flood,high
188,demo_http_flood.pcap#syn_flood,42,840.0,2268,54,0.0,1.0,0.0,1.0,1.0,0.0,42.0,42,1,42,1,5.392317,-0.0,5.392317,-0.0,1.191,0.075317,0.063238,42,5.392317,1.0,0.0,syn_flood,abnormal,0.0,0.0,1.0,0.0,1.0,syn_flood,high
189,demo_http_flood.pcap#syn_flood,43,860.0,2322,54,0.0,1.0,0.0,1.0,1.0,0.0,43.0,43,1,43,1,5.426265,-0.0,5.426265,-0.0,1.167979,0.064434,0.055167,43,5.426265,1.0,0.0,syn_flood,abnormal,0.0,0.0,1.0,0.0,1.0,syn_flood,high
190,demo_http_flood.pcap#syn_flood,43,860.0,2322,54,0.0,1.0,0.0,1.0,1.0,0.0,43.0,43,1,43,1,5.426265,-0.0,5.426265,-0.0,1.184503,0.063595,0.053689,43,5.426265,1.0,0.0,syn_flood,abnormal,0.0,0.0,1.0,0.0,1.0,syn_flood,high
191,demo_http_flood.pcap#syn_flood,43,860.0,2322,54,0.0,1.0,0.0,1.0,1.0,0.0,43.0,43,1,43,1,5.426265,-0.0,5.426265,-0.0,1.179979,0.056489,0.047873,43,5.426265,1.0,0.0,syn_flood,abnormal,0.0,0.0,1.0,0.0,1.0,syn_flood,high
192,demo_http_flood.pcap#syn_flood,42,840.0,2268,54,0.0,1.0,0.0,1.0,1.0,0.0,42.0,42,1,42,1,5.392317,-0.0,5.392317,-0.0,1.19129,0.070301,0.059013,42,5.392317,1.0,0.0,syn_flood,abnormal,0.0,0.0,1.0,0.0,1.0,syn_flood,high
193,demo_http_flood.pcap#syn_flood,44,880.0,2376,54,0.0,1.0,0.0,1.0,1.0,0.0,44.0,44,1,44,1,5.459432,-0.0,5.459432,-0.0,1.141631,0.022271,0.019508,44,5.459432,1.0,0.0,syn_flood,abnormal,0.0,0.0,1.0,0.0,1.0,syn_flood,high
194,demo_http_flood.pcap#syn_flood,43,860.0,2322,54,0.0,1.0,0.0,1.0,1.0,0.0,43.0,43,1,43,1,5.426265,-0.0,5.426265,-0.0,1.165952,0.037925,0.032527,43,5.426265,1.0,0.0,syn_flood,abnormal,0.0,0.0,1.0,0.0,1.0,syn_flood,high
195,demo_http_flood.pcap#syn_flood,43,860.0,2322,54,0.0,1.0,0.0,1.0,1.0,0.0,43.0,43,1,43,1,5.426265,-0.0,5.426265,-0.0,1.181881,0.055208,0.046712,43,5.426265,1.0,0.0,syn_flood,abnormal,0.0,0.0,1.0,0.0,1.0,syn_flood,high
196,demo_http_flood.pcap#syn_flood,42,840.0,2268,54,0.0,1.0,0.0,1.0,1.0,0.0,42.0,42,1,42,1,5.392317,-0.0,5.392317,-0.0,1.194221,0.057211,0.047907,42,5.392317,1.0,0.0,syn_flood,abnormal,0.0,0.0,1.0,0.0,1.0,syn_flood,high
197,demo_http_flood.pcap#syn_flood,43,860.0,2322,54,0.0,1.0,0.0,1.0,1.0,0.0,43.0,43,1,43,1,5.426265,-0.0,5.426265,-0.0,1.181903,0.032936,0.027867,43,5.426265,1.0,0.0,syn_flood,abnormal,0.0,0.0,1.0,0.0,1.0,syn_flood,high
198,demo_http_flood.pcap#syn_flood,42,840.0,2268,54,0.0,1.0,0.0,1.0,1.0,0.0,42.0,42,1,42,1,5.392317,-0.0,5.392317,-0.0,1.192657,0.074653,0.062594,42,5.392317,1.0,0.0,syn_flood,abnormal,0.0,0.0,1.0,0.0,1.0,syn_flood,high
199,demo_http_flood.pcap#syn_flood,43,860.0,2322,54,0.0,1.0,0.0,1.0,1.0,0.0,43.0,43,1,43,1,5.426265,-0.0,5.426265,-0.0,1.189811,0.108777,0.091424,43,5.426265,1.0,0.0,syn_flood,abnormal,0.0,0.0,1.0,0.0,1.0,syn_flood,high
200,demo_http_flood.pcap#syn_flood,43,860.0,2322,54,0.0,1.0,0.0,1.0,1.0,0.0,43.0,43,1,43,1,5.426265,-0.0,5.426265,-0.0,1.188358,0.067914,0.057149,43,5.426265,1.0,0.0,syn_flood,abnormal,0.0,0.0,1.0,0.0,1.0,syn_flood,high
201,demo_http_flood.pcap#syn_flood,43,860.0,2322,54,0.0,1.0,0.0,1.0,1.0,0.0,43.0,43,1,43,1,5.426265,-0.0,5.426265,-0.0,1.178617,0.064057,0.054349,43,5.426265,1.0,0.0,syn_flood,abnormal,0.0,0.0,1.0,0.0,1.0,syn_flood,high
202,demo_http_flood.pcap#syn_flood,42,840.0,2268,54,0.0,1.0,0.0,1.0,1.0,0.0,42.0,42,1,42,1,5.392317,-0.0,5.392317,-0.0,1.199856,0.09185,0.076551,42,5.392317,1.0,0.0,syn_flood,abnormal,0.0,0.0,1.0,0.0,1.0,syn_flood,high
203,demo_http_flood.pcap#syn_flood,42,840.0,2268,54,0.0,1.0,0.0,1.0,1.0,0.0,42.0,42,1,42,1,5.392317,-0.0,5.392317,-0.0,1.191,0.080753,0.067803,42,5.392317,1.0,0.0,syn_flood,abnormal,0.0,0.0,1.0,0.0,1.0,syn_flood,high
204,demo_http_flood.pcap#syn_flood,44,880.0,2376,54,0.0,1.0,0.0,1.0,1.0,0.0,44.0,44,1,44,1,5.459432,-0.0,5.459432,-0.0,1.158027,0.060228,0.052009,44,5.459432,1.0,0.0,syn_flood,abnormal,0.0,0.0,1.0,0.0,1.0,syn_flood,high
205,demo_http_flood.pcap#syn_flood,43,860.0,2322,54,0.0,1.0,0.0,1.0,1.0,0.0,43.0,43,1,43,1,5.426265,-0.0,5.426265,-0.0,1.166838,0.052286,0.04481,43,5.426265,1.0,0.0,syn_flood,abnormal,0.0,0.0,1.0,0.0,1.0,syn_flood,high
206,demo_http_flood.pcap#syn_flood,43,860.0,2322,54,0.0,1.0,0.0,1.0,1.0,0.0,43.0,43,1,43,1,5.426265,-0.0,5.426265,-0.0,1.166503,0.040548,0.03476,43,5.426265,1.0,0.0,syn_flood,abnormal,0.0,0.0,1.0,0.0,1.0,syn_flood,high
207,demo_http_flood.pcap#syn_flood,42,840.0,2268,54,0.0,1.0,0.0,1.0,1.0,0.0,42.0,42,1,42,1,5.392317,-0.0,5.392317,-0.0,1.207119,0.135154,0.111964,42,5.392317,1.0,0.0,syn_flood,abnormal,0.0,0.0,1.0,0.0,1.0,syn_flood,high
208,demo_http_flood.pcap#syn_flood,43,860.0,2322,54,0.0,1.0,0.0,1.0,1.0,0.0,43.0,43,1,43,1,5.426265,-0.0,5.426265,-0.0,1.168972,0.036493,0.031218,43,5.426265,1.0,0.0,syn_flood,abnormal,0.0,0.0,1.0,0.0,1.0,syn_flood,high
209,demo_http_flood.pcap#syn_flood,42,840.0,2268,54,0.0,1.0,0.0,1.0,1.0,0.0,42.0,42,1,42,1,5.392317,-0.0,5.392317,-0.0,1.19207,0.068512,0.057473,42,5.392317,1.0,0.0,syn_flood,abnormal,0.0,0.0,1.0,0.0,1.0,syn_flood,high
210,demo_http_flood.pcap#syn_flood,43,860.0,2322,54,0.0,1.0,0.0,1.0,1.0,0.0,43.0,43,1,43,1,5.426265,-0.0,5.426265,-0.0,1.163426,0.062025,0.053312,43,5.426265,1.0,0.0,syn_flood,abnormal,0.0,0.0,1.0,0.0,1.0,syn_flood,high
211,demo_http_flood.pcap#syn_flood,43,860.0,2322,54,0.0,1.0,0.0,1.0,1.0,0.0,43.0,43,1,43,1,5.426265,-0.0,5.426265,-0.0,1.165543,0.048949,0.041997,43,5.426265,1.0,0.0,syn_flood,abnormal,0.0,0.0,1.0,0.0,1.0,syn_flood,high
212,demo_http_flood.pcap#syn_flood,42,840.0,2268,54,0.0,1.0,0.0,1.0,1.0,0.0,42.0,42,1,42,1,5.392317,-0.0,5.392317,-0.0,1.203828,0.081647,0.067823,42,5.392317,1.0,0.0,syn_flood,abnormal,0.0,0.0,1.0,0.0,1.0,syn_flood,high
213,demo_http_flood.pcap#syn_flood,43,860.0,2322,54,0.0,1.0,0.0,1.0,1.0,0.0,43.0,43,1,43,1,5.426265,-0.0,5.426265,-0.0,1.185809,0.070509,0.059461,43,5.426265,1.0,0.0,syn_flood,abnormal,0.0,0.0,1.0,0.0,1.0,syn_flood,high
214,demo_http_flood.pcap#syn_flood,43,860.0,2322,54,0.0,1.0,0.0,1.0,1.0,0.0,43.0,43,1,43,1,5.426265,-0.0,5.426265,-0.0,1.171095,0.054099,0.046195,43,5.426265,1.0,0.0,syn_flood,abnormal,0.0,0.0,1.0,0.0,1.0,syn_flood,high
215,demo_http_flood.pcap#syn_flood,43,860.0,2322,54,0.0,1.0,0.0,1.0,1.0,0.0,43.0,43,1,43,1,5.426265,-0.0,5.426265,-0.0,1.163284,0.044304,0.038085,43,5.426265,1.0,0.0,syn_flood,abnormal,0.0,0.0,1.0,0.0,1.0,syn_flood,high
216,demo_http_flood.pcap#syn_flood,43,860.0,2322,54,0.0,1.0,0.0,1.0,1.0,0.0,43.0,43,1,43,1,5.426265,-0.0,5.426265,-0.0,1.174121,0.044868,0.038214,43,5.426265,1.0,0.0,syn_flood,abnormal,0.0,0.0,1.0,0.0,1.0,syn_flood,high
217,demo_http_flood.pcap#syn_flood,43,860.0,2322,54,0.0,1.0,0.0,1.0,1.0,0.0,43.0,43,1,43,1,5.426265,-0.0,5.426265,-0.0,1.174762,0.045226,0.038498,43,5.426265,1.0,0.0,syn_flood,abnormal,0.0,0.0,1.0,0.0,1.0,syn_flood,high
218,demo_http_flood.pcap#syn_flood,43,860.0,2322,54,0.0,1.0,0.0,1.0,1.0,0.0,43.0,43,1,43,1,5.426265,-0.0,5.426265,-0.0,1.172809,0.053031,0.045217,43,5.426265,1.0,0.0,syn_flood,abnormal,0.0,0.0,1.0,0.0,1.0,syn_flood,high
219,demo_http_flood.pcap#syn_flood,43,860.0,2322,54,0.0,1.0,0.0,1.0,1.0,0.0,43.0,43,1,43,1,5.426265,-0.0,5.426265,-0.0,1.164238,0.048313,0.041498,43,5.426265,1.0,0.0,syn_flood,abnormal,0.0,0.0,1.0,0.0,1.0,syn_flood,high
220,demo_http_flood.pcap#syn_flood,44,880.0,2376,54,0.0,1.0,0.0,1.0,1.0,0.0,44.0,44,1,44,1,5.459432,-0.0,5.459432,-0.0,1.158005,0.047002,0.040589,44,5.459432,1.0,0.0,syn_flood,abnormal,0.0,0.0,1.0,0.0,1.0,syn_flood,high
221,demo_http_flood.pcap#syn_flood,43,860.0,2322,54,0.0,1.0,0.0,1.0,1.0,0.0,43.0,43,1,43,1,5.426265,-0.0,5.426265,-0.0,1.173122,0.043641,0.037201,43,5.426265,1.0,0.0,syn_flood,abnormal,0.0,0.0,1.0,0.0,1.0,syn_flood,high
222,demo_http_flood.pcap#syn_flood,43,860.0,2322,54,0.0,1.0,0.0,1.0,1.0,0.0,43.0,43,1,43,1,5.426265,-0.0,5.426265,-0.0,1.180427,0.035304,0.029908,43,5.426265,1.0,0.0,syn_flood,abnormal,0.0,0.0,1.0,0.0,1.0,syn_flood,high
223,demo_http_flood.pcap#syn_flood,43,860.0,2322,54,0.0,1.0,0.0,1.0,1.0,0.0,43.0,43,1,43,1,5.426265,-0.0,5.426265,-0.0,1.177141,0.033793,0.028708,43,5.426265,1.0,0.0,syn_flood,abnormal,0.0,0.0,1.0,0.0,1.0,syn_flood,high
224,demo_http_flood.pcap#syn_flood,43,860.0,2322,54,0.0,1.0,0.0,1.0,1.0,0.0,43.0,43,1,43,1,5.426265,-0.0,5.426265,-0.0,1.178214,0.037507,0.031834,43,5.426265,1.0,0.0,syn_flood,abnormal,0.0,0.0,1.0,0.0,1.0,syn_flood,high
225,demo_http_flood.pcap#syn_flood,43,860.0,2322,54,0.0,1.0,0.0,1.0,1.0,0.0,43.0,43,1,43,1,5.426265,-0.0,5.426265,-0.0,1.187688,0.083184,0.070039,43,5.426265,1.0,0.0,syn_flood,abnormal,0.0,0.0,1.0,0.0,1.0,syn_flood,high
226,demo_http_flood.pcap#syn_flood,43,860.0,2322,54,0.0,1.0,0.0,1.0,1.0,0.0,43.0,43,1,43,1,5.426265,-0.0,5.426265,-0.0,1.185167,0.069898,0.058978,43,5.426265,1.0,0.0,syn_flood,abnormal,0.0,0.0,1.0,0.0,1.0,syn_flood,high
227,demo_http_flood.pcap#syn_flood,42,840.0,2268,54,0.0,1.0,0.0,1.0,1.0,0.0,42.0,42,1,42,1,5.392317,-0.0,5.392317,-0.0,1.194024,0.050454,0.042255,42,5.392317,1.0,0.0,syn_flood,abnormal,0.0,0.0,1.0,0.0,1.0,syn_flood,high
228,demo_http_flood.pcap#syn_flood,43,860.0,2322,54,0.0,1.0,0.0,1.0,1.0,0.0,43.0,43,1,43,1,5.426265,-0.0,5.426265,-0.0,1.176068,0.055699,0.047361,43,5.426265,1.0,0.0,syn_flood,abnormal,0.0,0.0,1.0,0.0,1.0,syn_flood,high
229,demo_http_flood.pcap#syn_flood,43,860.0,2322,54,0.0,1.0,0.0,1.0,1.0,0.0,43.0,43,1,43,1,5.426265,-0.0,5.426265,-0.0,1.169335,0.036026,0.030809,43,5.426265,1.0,0.0,syn_flood,abnormal,0.0,0.0,1.0,0.0,1.0,syn_flood,high
230,demo_http_flood.pcap#syn_flood,42,840.0,2268,54,0.0,1.0,0.0,1.0,1.0,0.0,42.0,42,1,42,1,5.392317,-0.0,5.392317,-0.0,1.197414,0.069395,0.057954,42,5.392317,1.0,0.0,syn_flood,abnormal,0.0,0.0,1.0,0.0,1.0,syn_flood,high
231,demo_http_flood.pcap#syn_flood,43,860.0,2322,54,0.0,1.0,0.0,1.0,1.0,0.0,43.0,43,1,43,1,5.426265,-0.0,5.426265,-0.0,1.185996,0.043434,0.036622,43,5.426265,1.0,0.0,syn_flood,abnormal,0.0,0.0,1.0,0.0,1.0,syn_flood,high
232,demo_http_flood.pcap#syn_flood,43,860.0,2322,54,0.0,1.0,0.0,1.0,1.0,0.0,43.0,43,1,43,1,5.426265,-0.0,5.426265,-0.0,1.179241,0.06039,0.051211,43,5.426265,1.0,0.0,syn_flood,abnormal,0.0,0.0,1.0,0.0,1.0,syn_flood,high
233,demo_http_flood.pcap#syn_flood,43,860.0,2322,54,0.0,1.0,0.0,1.0,1.0,0.0,43.0,43,1,43,1,5.426265,-0.0,5.426265,-0.0,1.186428,0.051853,0.043706,43,5.426265,1.0,0.0,syn_flood,abnormal,0.0,0.0,1.0,0.0,1.0,syn_flood,high
234,demo_http_flood.pcap#syn_flood,42,840.0,2268,54,0.0,1.0,0.0,1.0,1.0,0.0,42.0,42,1,42,1,5.392317,-0.0,5.392317,-0.0,1.197367,0.058748,0.049065,42,5.392317,1.0,0.0,syn_flood,abnormal,0.0,0.0,1.0,0.0,1.0,syn_flood,high
235,demo_http_flood.pcap#syn_flood,43,860.0,2322,54,0.0,1.0,0.0,1.0,1.0,0.0,43.0,43,1,43,1,5.426265,-0.0,5.426265,-0.0,1.168858,0.036912,0.03158,43,5.426265,1.0,0.0,syn_flood,abnormal,0.0,0.0,1.0,0.0,1.0,syn_flood,high
236,demo_http_flood.pcap#syn_flood,42,840.0,2268,54,0.0,1.0,0.0,1.0,1.0,0.0,42.0,42,1,42,1,5.392317,-0.0,5.392317,-0.0,1.201659,0.077782,0.064729,42,5.392317,1.0,0.0,syn_flood,abnormal,0.0,0.0,1.0,0.0,1.0,syn_flood,high
237,demo_http_flood.pcap#syn_flood,43,860.0,2322,54,0.0,1.0,0.0,1.0,1.0,0.0,43.0,43,1,43,1,5.426265,-0.0,5.426265,-0.0,1.188664,0.090422,0.07607,43,5.426265,1.0,0.0,syn_flood,abnormal,0.0,0.0,1.0,0.0,1.0,syn_flood,high
238,demo_http_flood.pcap#syn_flood,43,860.0,2322,54,0.0,1.0,0.0,1.0,1.0,0.0,43.0,43,1,43,1,5.426265,-0.0,5.426265,-0.0,1.190169,0.072993,0.06133,43,5.426265,1.0,0.0,syn_flood,abnormal,0.0,0.0,1.0,0.0,1.0,syn_flood,high
239,demo_http_flood.pcap#syn_flood,42,840.0,2268,54,0.0,1.0,0.0,1.0,1.0,0.0,42.0,42,1,42,1,5.392317,-0.0,5.392317,-0.0,1.197734,0.057762,0.048226,42,5.392317,1.0,0.0,syn_flood,abnormal,0.0,0.0,1.0,0.0,1.0,syn_flood,high
240,demo_http_flood.pcap#syn_flood,43,860.0,2322,54,0.0,1.0,0.0,1.0,1.0,0.0,43.0,43,1,43,1,5.426265,-0.0,5.426265,-0.0,1.174166,0.041684,0.035501,43,5.426265,1.0,0.0,syn_flood,abnormal,0.0,0.0,1.0,0.0,1.0,syn_flood,high
241,demo_http_flood.pcap#syn_flood,44,880.0,2376,54,0.0,1.0,0.0,1.0,1.0,0.0,44.0,44,1,44,1,5.459432,-0.0,5.459432,-0.0,1.161049,0.02496,0.021498,44,5.459432,1.0,0.0,syn_flood,abnormal,0.0,0.0,1.0,0.0,1.0,syn_flood,high
242,demo_http_flood.pcap#syn_flood,43,860.0,2322,54,0.0,1.0,0.0,1.0,1.0,0.0,43.0,43,1,43,1,5.426265,-0.0,5.426265,-0.0,1.167695,0.04252,0.036414,43,5.426265,1.0,0.0,syn_flood,abnormal,0.0,0.0,1.0,0.0,1.0,syn_flood,high
243,demo_http_flood.pcap#syn_flood,43,860.0,2322,54,0.0,1.0,0.0,1.0,1.0,0.0,43.0,43,1,43,1,5.426265,-0.0,5.426265,-0.0,1.171595,0.054945,0.046898,43,5.426265,1.0,0.0,syn_flood,abnormal,0.0,0.0,1.0,0.0,1.0,syn_flood,high
244,demo_http_flood.pcap#syn_flood,43,860.0,2322,54,0.0,1.0,0.0,1.0,1.0,0.0,43.0,43,1,43,1,5.426265,-0.0,5.426265,-0.0,1.183737,0.062465,0.052769,43,5.426265,1.0,0.0,syn_flood,abnormal,0.0,0.0,1.0,0.0,1.0,syn_flood,high
245,demo_http_flood.pcap#syn_flood,43,860.0,2322,54,0.0,1.0,0.0,1.0,1.0,0.0,43.0,43,1,43,1,5.426265,-0.0,5.426265,-0.0,1.186785,0.052097,0.043898,43,5.426265,1.0,0.0,syn_flood,abnormal,0.0,0.0,1.0,0.0,1.0,syn_flood,high
246,demo_http_flood.pcap#syn_flood,43,860.0,2322,54,0.0,1.0,0.0,1.0,1.0,0.0,43.0,43,1,43,1,5.426265,-0.0,5.426265,-0.0,1.178832,0.052702,0.044707,43,5.426265,1.0,0.0,syn_flood,abnormal,0.0,0.0,1.0,0.0,1.0,syn_flood,high
247,demo_http_flood.pcap#syn_flood,42,840.0,2268,54,0.0,1.0,0.0,1.0,1.0,0.0,42.0,42,1,42,1,5.392317,-0.0,5.392317,-0.0,1.197169,0.064063,0.053512,42,5.392317,1.0,0.0,syn_flood,abnormal,0.0,0.0,1.0,0.0,1.0,syn_flood,high
248,demo_http_flood.pcap#syn_flood,37,740.0,1998,54,0.0,1.0,0.0,1.0,1.0,0.0,37.0,37,1,37,1,5.209453,-0.0,5.209453,-0.0,1.351469,0.518319,0.383522,37,5.209453,1.0,0.0,syn_flood,abnormal,0.0,0.0,1.0,0.0,1.0,syn_flood,high
249,demo_http_flood.pcap#syn_flood,36,720.0,1944,54,0.0,1.0,0.0,1.0,1.0,0.0,36.0,36,1,36,1,5.169925,-0.0,5.169925,-0.0,1.389027,0.110856,0.079808,36,5.169925,1.0,0.0,syn_flood,abnormal,0.0,0.0,1.0,0.0,1.0,syn_flood,high
250,demo_http_flood.pcap#syn_flood,39,780.0,2106,54,0.0,1.0,0.0,1.0,1.0,0.0,39.0,39,1,39,1,5.285402,-0.0,5.285402,-0.0,1.315575,0.119153,0.090571,39,5.285402,1.0,0.0,syn_flood,abnormal,0.0,0.0,1.0,0.0,1.0,syn_flood,high
251,demo_http_flood.pcap#syn_flood,41,820.0,2214,54,0.0,1.0,0.0,1.0,1.0,0.0,41.0,41,1,41,1,5.357552,-0.0,5.357552,-0.0,1.223052,0.098113,0.08022,41,5.357552,1.0,0.0,syn_flood,abnormal,0.0,0.0,1.0,0.0,1.0,syn_flood,high
252,demo_http_flood.pcap#syn_flood,43,860.0,2322,54,0.0,1.0,0.0,1.0,1.0,0.0,43.0,43,1,43,1,5.426265,-0.0,5.426265,-0.0,1.182715,0.054356,0.045958,43,5.426265,1.0,0.0,syn_flood,abnormal,0.0,0.0,1.0,0.0,1.0,syn_flood,high
253,demo_http_flood.pcap#syn_flood,43,860.0,2322,54,0.0,1.0,0.0,1.0,1.0,0.0,43.0,43,1,43,1,5.426265,-0.0,5.426265,-0.0,1.166667,0.02767,0.023717,43,5.426265,1.0,0.0,syn_flood,abnormal,0.0,0.0,1.0,0.0,1.0,syn_flood,high
254,demo_http_flood.pcap#syn_flood,43,860.0,2322,54,0.0,1.0,0.0,1.0,1.0,0.0,43.0,43,1,43,1,5.426265,-0.0,5.426265,-0.0,1.180405,0.048284,0.040904,43,5.426265,1.0,0.0,syn_flood,abnormal,0.0,0.0,1.0,0.0,1.0,syn_flood,high
255,demo_http_flood.pcap#syn_flood,43,860.0,2322,54,0.0,1.0,0.0,1.0,1.0,0.0,43.0,43,1,43,1,5.426265,-0.0,5.426265,-0.0,1.176618,0.04527,0.038475,43,5.426265,1.0,0.0,syn_flood,abnormal,0.0,0.0,1.0,0.0,1.0,syn_flood,high
256,demo_http_flood.pcap#syn_flood,43,860.0,2322,54,0.0,1.0,0.0,1.0,1.0,0.0,43.0,43,1,43,1,5.426265,-0.0,5.426265,-0.0,1.174694,0.047408,0.040358,43,5.426265,1.0,0.0,syn_flood,abnormal,0.0,0.0,1.0,0.0,1.0,syn_flood,high
257,demo_http_flood.pcap#syn_flood,43,860.0,2322,54,0.0,1.0,0.0,1.0,1.0,0.0,43.0,43,1,43,1,5.426265,-0.0,5.426265,-0.0,1.168762,0.050519,0.043224,43,5.426265,1.0,0.0,syn_flood,abnormal,0.0,0.0,1.0,0.0,1.0,syn_flood,high
258,demo_http_flood.pcap#syn_flood,43,860.0,2322,54,0.0,1.0,0.0,1.0,1.0,0.0,43.0,43,1,43,1,5.426265,-0.0,5.426265,-0.0,1.169239,0.044878,0.038382,43,5.426265,1.0,0.0,syn_flood,abnormal,0.0,0.0,1.0,0.0,1.0,syn_flood,high
259,demo_http_flood.pcap#syn_flood,41,820.0,2214,54,0.0,1.0,0.0,1.0,1.0,0.0,41.0,41,1,41,1,5.357552,-0.0,5.357552,-0.0,1.222348,0.089284,0.073043,41,5.357552,1.0,0.0,syn_flood,abnormal,0.0,0.0,1.0,0.0,1.0,syn_flood,high
260,demo_http_flood.pcap#syn_flood,42,840.0,2268,54,0.0,1.0,0.0,1.0,1.0,0.0,42.0,42,1,42,1,5.392317,-0.0,5.392317,-0.0,1.197367,0.057585,0.048093,42,5.392317,1.0,0.0,syn_flood,abnormal,0.0,0.0,1.0,0.0,1.0,syn_flood,high
261,demo_http_flood.pcap#syn_flood,39,780.0,2106,54,0.0,1.0,0.0,1.0,1.0,0.0,39.0,39,1,39,1,5.285402,-0.0,5.285402,-0.0,1.295843,0.11302,0.087218,39,5.285402,1.0,0.0,syn_flood,abnormal,0.0,0.0,1.0,0.0,1.0,syn_flood,high
262,demo_http_flood.pcap#syn_flood,42,840.0,2268,54,0.0,1.0,0.0,1.0,1.0,0.0,42.0,42,1,42,1,5.392317,-0.0,5.392317,-0.0,1.21854,0.060826,0.049917,42,5.392317,1.0,0.0,syn_flood,abnormal,0.0,0.0,1.0,0.0,1.0,syn_flood,high
263,demo_http_flood.pcap#syn_flood,41,820.0,2214,54,0.0,1.0,0.0,1.0,1.0,0.0,41.0,41,1,41,1,5.357552,-0.0,5.357552,-0.0,1.231277,0.083427,0.067757,41,5.357552,1.0,0.0,syn_flood,abnormal,0.0,0.0,1.0,0.0,1.0,syn_flood,high
264,demo_http_flood.pcap#syn_flood,40,800.0,2160,54,0.0,1.0,0.0,1.0,1.0,0.0,40.0,40,1,40,1,5.321928,-0.0,5.321928,-0.0,1.263099,0.147477,0.116758,40,5.321928,1.0,0.0,syn_flood,abnormal,0.0,0.0,1.0,0.0,1.0,syn_flood,high
265,demo_http_flood.pcap#syn_flood,41,820.0,2214,54,0.0,1.0,0.0,1.0,1.0,0.0,41.0,41,1,41,1,5.357552,-0.0,5.357552,-0.0,1.22605,0.060899,0.049671,41,5.357552,1.0,0.0,syn_flood,abnormal,0.0,0.0,1.0,0.0,1.0,syn_flood,high
266,demo_http_flood.pcap#syn_flood,40,800.0,2160,54,0.0,1.0,0.0,1.0,1.0,0.0,40.0,40,1,40,1,5.321928,-0.0,5.321928,-0.0,1.275918,0.153193,0.120065,40,5.321928,1.0,0.0,syn_flood,abnormal,0.0,0.0,1.0,0.0,1.0,syn_flood,high
267,demo_http_flood.pcap#syn_flood,40,800.0,2160,54,0.0,1.0,0.0,1.0,1.0,0.0,40.0,40,1,40,1,5.321928,-0.0,5.321928,-0.0,1.260568,0.089256,0.070806,40,5.321928,1.0,0.0,syn_flood,abnormal,0.0,0.0,1.0,0.0,1.0,syn_flood,high
268,demo_http_flood.pcap#syn_flood,43,860.0,2322,54,0.0,1.0,0.0,1.0,1.0,0.0,43.0,43,1,43,1,5.426265,-0.0,5.426265,-0.0,1.188216,0.037059,0.031189,43,5.426265,1.0,0.0,syn_flood,abnormal,0.0,0.0,1.0,0.0,1.0,syn_flood,high
269,demo_http_flood.pcap#syn_flood,42,840.0,2268,54,0.0,1.0,0.0,1.0,1.0,0.0,42.0,42,1,42,1,5.392317,-0.0,5.392317,-0.0,1.193244,0.030753,0.025773,42,5.392317,1.0,0.0,syn_flood,abnormal,0.0,0.0,1.0,0.0,1.0,syn_flood,high
270,demo_http_flood.pcap#syn_flood,42,840.0,2268,54,0.0,1.0,0.0,1.0,1.0,0.0,42.0,42,1,42,1,5.392317,-0.0,5.392317,-0.0,1.194809,0.0552,0.0462,42,5.392317,1.0,0.0,syn_flood,abnormal,0.0,0.0,1.0,0.0,1.0,syn_flood,high
271,demo_http_flood.pcap#syn_flood,42,840.0,2268,54,0.0,1.0,0.0,1.0,1.0,0.0,42.0,42,1,42,1,5.392317,-0.0,5.392317,-0.0,1.193169,0.040762,0.034163,42,5.392317,1.0,0.0,syn_flood,abnormal,0.0,0.0,1.0,0.0,1.0,syn_flood,high
272,demo_http_flood.pcap#syn_flood,43,860.0,2322,54,0.0,1.0,0.0,1.0,1.0,0.0,43.0,43,1,43,1,5.426265,-0.0,5.426265,-0.0,1.1859,0.037436,0.031568,43,5.426265,1.0,0.0,syn_flood,abnormal,0.0,0.0,1.0,0.0,1.0,syn_flood,high
273,demo_http_flood.pcap#syn_flood,43,860.0,2322,54,0.0,1.0,0.0,1.0,1.0,0.0,43.0,43,1,43,1,5.426265,-0.0,5.426265,-0.0,1.175784,0.049011,0.041683,43,5.426265,1.0,0.0,syn_flood,abnormal,0.0,0.0,1.0,0.0,1.0,syn_flood,high
274,demo_http_flood.pcap#syn_flood,43,860.0,2322,54,0.0,1.0,0.0,1.0,1.0,0.0,43.0,43,1,43,1,5.426265,-0.0,5.426265,-0.0,1.179264,0.046357,0.03931,43,5.426265,1.0,0.0,syn_flood,abnormal,0.0,0.0,1.0,0.0,1.0,syn_flood,high
275,demo_http_flood.pcap#syn_flood,43,860.0,2322,54,0.0,1.0,0.0,1.0,1.0,0.0,43.0,43,1,43,1,5.426265,-0.0,5.426265,-0.0,1.183243,0.043587,0.036837,43,5.426265,1.0,0.0,syn_flood,abnormal,0.0,0.0,1.0,0.0,1.0,syn_flood,high
276,demo_http_flood.pcap#syn_flood,43,860.0,2322,54,0.0,1.0,0.0,1.0,1.0,0.0,43.0,43,1,43,1,5.426265,-0.0,5.426265,-0.0,1.180427,0.037885,0.032095,43,5.426265,1.0,0.0,syn_flood,abnormal,0.0,0.0,1.0,0.0,1.0,syn_flood,high
277,demo_http_flood.pcap#syn_flood,42,840.0,2268,54,0.0,1.0,0.0,1.0,1.0,0.0,42.0,42,1,42,1,5.392317,-0.0,5.392317,-0.0,1.192023,0.037804,0.031714,42,5.392317,1.0,0.0,syn_flood,abnormal,0.0,0.0,1.0,0.0,1.0,syn_flood,high
278,demo_http_flood.pcap#syn_flood,42,840.0,2268,54,0.0,1.0,0.0,1.0,1.0,0.0,42.0,42,1,42,1,5.392317,-0.0,5.392317,-0.0,1.200222,0.040691,0.033903,42,5.392317,1.0,0.0,syn_flood,abnormal,0.0,0.0,1.0,0.0,1.0,syn_flood,high
279,demo_http_flood.pcap#syn_flood,41,820.0,2214,54,0.0,1.0,0.0,1.0,1.0,0.0,41.0,41,1,41,1,5.357552,-0.0,5.357552,-0.0,1.231503,0.106113,0.086165,41,5.357552,1.0,0.0,syn_flood,abnormal,0.0,0.0,1.0,0.0,1.0,syn_flood,high
280,demo_http_flood.pcap#syn_flood,42,840.0,2268,54,0.0,1.0,0.0,1.0,1.0,0.0,42.0,42,1,42,1,5.392317,-0.0,5.392317,-0.0,1.205218,0.047479,0.039394,42,5.392317,1.0,0.0,syn_flood,abnormal,0.0,0.0,1.0,0.0,1.0,syn_flood,high
281,demo_http_flood.pcap#syn_flood,42,840.0,2268,54,0.0,1.0,0.0,1.0,1.0,0.0,42.0,42,1,42,1,5.392317,-0.0,5.392317,-0.0,1.212388,0.115227,0.095041,42,5.392317,1.0,0.0,syn_flood,abnormal,0.0,0.0,1.0,0.0,1.0,syn_flood,high
282,demo_http_flood.pcap#syn_flood,42,840.0,2268,54,0.0,1.0,0.0,1.0,1.0,0.0,42.0,42,1,42,1,5.392317,-0.0,5.392317,-0.0,1.196414,0.033041,0.027617,42,5.392317,1.0,0.0,syn_flood,abnormal,0.0,0.0,1.0,0.0,1.0,syn_flood,high
283,demo_http_flood.pcap#syn_flood,41,820.0,2214,54,0.0,1.0,0.0,1.0,1.0,0.0,41.0,41,1,41,1,5.357552,-0.0,5.357552,-0.0,1.228571,0.106991,0.087085,41,5.357552,1.0,0.0,syn_flood,abnormal,0.0,0.0,1.0,0.0,1.0,syn_flood,high
284,demo_http_flood.pcap#syn_flood,43,860.0,2322,54,0.0,1.0,0.0,1.0,1.0,0.0,43.0,43,1,43,1,5.426265,-0.0,5.426265,-0.0,1.188835,0.033868,0.028489,43,5.426265,1.0,0.0,syn_flood,abnormal,0.0,0.0,1.0,0.0,1.0,syn_flood,high
285,demo_http_flood.pcap#syn_flood,43,860.0,2322,54,0.0,1.0,0.0,1.0,1.0,0.0,43.0,43,1,43,1,5.426265,-0.0,5.426265,-0.0,1.180212,0.040272,0.034123,43,5.426265,1.0,0.0,syn_flood,abnormal,0.0,0.0,1.0,0.0,1.0,syn_flood,high
286,demo_http_flood.pcap#syn_flood,43,860.0,2322,54,0.0,1.0,0.0,1.0,1.0,0.0,43.0,43,1,43,1,5.426265,-0.0,5.426265,-0.0,1.166213,0.040277,0.034537,43,5.426265,1.0,0.0,syn_flood,abnormal,0.0,0.0,1.0,0.0,1.0,syn_flood,high
287,demo_http_flood.pcap#syn_flood,43,860.0,2322,54,0.0,1.0,0.0,1.0,1.0,0.0,43.0,43,1,43,1,5.426265,-0.0,5.426265,-0.0,1.19031,0.054217,0.045549,43,5.426265,1.0,0.0,syn_flood,abnormal,0.0,0.0,1.0,0.0,1.0,syn_flood,high
288,demo_http_flood.pcap#syn_flood,43,860.0,2322,54,0.0,1.0,0.0,1.0,1.0,0.0,43.0,43,1,43,1,5.426265,-0.0,5.426265,-0.0,1.182857,0.053281,0.045044,43,5.426265,1.0,0.0,syn_flood,abnormal,0.0,0.0,1.0,0.0,1.0,syn_flood,high
289,demo_http_flood.pcap#syn_flood,43,860.0,2322,54,0.0,1.0,0.0,1.0,1.0,0.0,43.0,43,1,43,1,5.426265,-0.0,5.426265,-0.0,1.187285,0.040781,0.034348,43,5.426265,1.0,0.0,syn_flood,abnormal,0.0,0.0,1.0,0.0,1.0,syn_flood,high
290,demo_http_flood.pcap#syn_flood,42,840.0,2268,54,0.0,1.0,0.0,1.0,1.0,0.0,42.0,42,1,42,1,5.392317,-0.0,5.392317,-0.0,1.199658,0.048983,0.040831,42,5.392317,1.0,0.0,syn_flood,abnormal,0.0,0.0,1.0,0.0,1.0,syn_flood,high
291,demo_http_flood.pcap#syn_flood,43,860.0,2322,54,0.0,1.0,0.0,1.0,1.0,0.0,43.0,43,1,43,1,5.426265,-0.0,5.426265,-0.0,1.187523,0.034632,0.029163,43,5.426265,1.0,0.0,syn_flood,abnormal,0.0,0.0,1.0,0.0,1.0,syn_flood,high
292,demo_http_flood.pcap#syn_flood,43,860.0,2322,54,0.0,1.0,0.0,1.0,1.0,0.0,43.0,43,1,43,1,5.426265,-0.0,5.426265,-0.0,1.184095,0.049648,0.041929,43,5.426265,1.0,0.0,syn_flood,abnormal,0.0,0.0,1.0,0.0,1.0,syn_flood,high
293,demo_http_flood.pcap#syn_flood,43,860.0,2322,54,0.0,1.0,0.0,1.0,1.0,0.0,43.0,43,1,43,1,5.426265,-0.0,5.426265,-0.0,1.185025,0.050846,0.042907,43,5.426265,1.0,0.0,syn_flood,abnormal,0.0,0.0,1.0,0.0,1.0,syn_flood,high
294,demo_http_flood.pcap#syn_flood,43,860.0,2322,54,0.0,1.0,0.0,1.0,1.0,0.0,43.0,43,1,43,1,5.426265,-0.0,5.426265,-0.0,1.178384,0.050959,0.043245,43,5.426265,1.0,0.0,syn_flood,abnormal,0.0,0.0,1.0,0.0,1.0,syn_flood,high
295,demo_http_flood.pcap#syn_flood,42,840.0,2268,54,0.0,1.0,0.0,1.0,1.0,0.0,42.0,42,1,42,1,5.392317,-0.0,5.392317,-0.0,1.205508,0.061843,0.051301,42,5.392317,1.0,0.0,syn_flood,abnormal,0.0,0.0,1.0,0.0,1.0,syn_flood,high
296,demo_http_flood.pcap#syn_flood,41,820.0,2214,54,0.0,1.0,0.0,1.0,1.0,0.0,41.0,41,1,41,1,5.357552,-0.0,5.357552,-0.0,1.22717,0.075368,0.061416,41,5.357552,1.0,0.0,syn_flood,abnormal,0.0,0.0,1.0,0.0,1.0,syn_flood,high
297,demo_http_flood.pcap#syn_flood,41,820.0,2214,54,0.0,1.0,0.0,1.0,1.0,0.0,41.0,41,1,41,1,5.357552,-0.0,5.357552,-0.0,1.238549,0.069488,0.056104,41,5.357552,1.0,0.0,syn_flood,abnormal,0.0,0.0,1.0,0.0,1.0,syn_flood,high
298,demo_http_flood.pcap#syn_flood,35,700.0,1890,54,0.0,1.0,0.0,1.0,1.0,0.0,35.0,35,1,35,1,5.129283,-0.0,5.129283,-0.0,1.432412,0.235259,0.16424,35,5.129283,1.0,0.0,syn_flood,abnormal,0.0,0.0,1.0,0.0,1.0,syn_flood,high
299,demo_http_flood.pcap#syn_flood,39,780.0,2106,54,0.0,1.0,0.0,1.0,1.0,0.0,39.0,39,1,39,1,5.285402,-0.0,5.285402,-0.0,1.292793,0.097656,0.075539,39,5.285402,1.0,0.0,syn_flood,abnormal,0.0,0.0,1.0,0.0,1.0,syn_flood,high
300,demo_http_flood.pcap#syn_flood,40,800.0,2160,54,0.0,1.0,0.0,1.0,1.0,0.0,40.0,40,1,40,1,5.321928,-0.0,5.321928,-0.0,1.25841,0.086701,0.068898,40,5.321928,1.0,0.0,syn_flood,abnormal,0.0,0.0,1.0,0.0,1.0,syn_flood,high
301,demo_http_flood.pcap#syn_flood,42,840.0,2268,54,0.0,1.0,0.0,1.0,1.0,0.0,42.0,42,1,42,1,5.392317,-0.0,5.392317,-0.0,1.208462,0.076211,0.063064,42,5.392317,1.0,0.0,syn_flood,abnormal,0.0,0.0,1.0,0.0,1.0,syn_flood,high
302,demo_http_flood.pcap#syn_flood,41,820.0,2214,54,0.0,1.0,0.0,1.0,1.0,0.0,41.0,41,1,41,1,5.357552,-0.0,5.357552,-0.0,1.222426,0.066505,0.054404,41,5.357552,1.0,0.0,syn_flood,abnormal,0.0,0.0,1.0,0.0,1.0,syn_flood,high
303,demo_http_flood.pcap#syn_flood,42,840.0,2268,54,0.0,1.0,0.0,1.0,1.0,0.0,42.0,42,1,42,1,5.392317,-0.0,5.392317,-0.0,1.217319,0.059678,0.049024,42,5.392317,1.0,0.0,syn_flood,abnormal,0.0,0.0,1.0,0.0,1.0,syn_flood,high
304,demo_http_flood.pcap#syn_flood,41,820.0,2214,54,0.0,1.0,0.0,1.0,1.0,0.0,41.0,41,1,41,1,5.357552,-0.0,5.357552,-0.0,1.234174,0.118482,0.096001,41,5.357552,1.0,0.0,syn_flood,abnormal,0.0,0.0,1.0,0.0,1.0,syn_flood,high
305,demo_http_flood.pcap#syn_flood,43,860.0,2322,54,0.0,1.0,0.0,1.0,1.0,0.0,43.0,43,1,43,1,5.426265,-0.0,5.426265,-0.0,1.189504,0.037955,0.031908,43,5.426265,1.0,0.0,syn_flood,abnormal,0.0,0.0,1.0,0.0,1.0,syn_flood,high
306,demo_http_flood.pcap#syn_flood,42,840.0,2268,54,0.0,1.0,0.0,1.0,1.0,0.0,42.0,42,1,42,1,5.392317,-0.0,5.392317,-0.0,1.197367,0.051771,0.043237,42,5.392317,1.0,0.0,syn_flood,abnormal,0.0,0.0,1.0,0.0,1.0,syn_flood,high
307,demo_http_flood.pcap#syn_flood,42,840.0,2268,54,0.0,1.0,0.0,1.0,1.0,0.0,42.0,42,1,42,1,5.392317,-0.0,5.392317,-0.0,1.197925,0.043968,0.036704,42,5.392317,1.0,0.0,syn_flood,abnormal,0.0,0.0,1.0,0.0,1.0,syn_flood,high
308,demo_http_flood.pcap#syn_flood,42,840.0,2268,54,0.0,1.0,0.0,1.0,1.0,0.0,42.0,42,1,42,1,5.392317,-0.0,5.392317,-0.0,1.188022,0.048566,0.04088,42,5.392317,1.0,0.0,syn_flood,abnormal,0.0,0.0,1.0,0.0,1.0,syn_flood,high
309,demo_http_flood.pcap#syn_flood,42,840.0,2268,54,0.0,1.0,0.0,1.0,1.0,0.0,42.0,42,1,42,1,5.392317,-0.0,5.392317,-0.0,1.19778,0.06283,0.052455,42,5.392317,1.0,0.0,syn_flood,abnormal,0.0,0.0,1.0,0.0,1.0,syn_flood,high
310,demo_http_flood.pcap#syn_flood,43,860.0,2322,54,0.0,1.0,0.0,1.0,1.0,0.0,43.0,43,1,43,1,5.426265,-0.0,5.426265,-0.0,1.185735,0.052568,0.044333,43,5.426265,1.0,0.0,syn_flood,abnormal,0.0,0.0,1.0,0.0,1.0,syn_flood,high
311,demo_http_flood.pcap#syn_flood,42,840.0,2268,54,0.0,1.0,0.0,1.0,1.0,0.0,42.0,42,1,42,1,5.392317,-0.0,5.392317,-0.0,1.199338,0.057761,0.048161,42,5.392317,1.0,0.0,syn_flood,abnormal,0.0,0.0,1.0,0.0,1.0,syn_flood,high
312,demo_http_flood.pcap#syn_flood,43,860.0,2322,54,0.0,1.0,0.0,1.0,1.0,0.0,43.0,43,1,43,1,5.426265,-0.0,5.426265,-0.0,1.184168,0.051593,0.043569,43,5.426265,1.0,0.0,syn_flood,abnormal,0.0,0.0,1.0,0.0,1.0,syn_flood,high
313,demo_http_flood.pcap#syn_flood,43,860.0,2322,54,0.0,1.0,0.0,1.0,1.0,0.0,43.0,43,1,43,1,5.426265,-0.0,5.426265,-0.0,1.184764,0.055208,0.046599,43,5.426265,1.0,0.0,syn_flood,abnormal,0.0,0.0,1.0,0.0,1.0,syn_flood,high
314,demo_http_flood.pcap#syn_flood,42,840.0,2268,54,0.0,1.0,0.0,1.0,1.0,0.0,42.0,42,1,42,1,5.392317,-0.0,5.392317,-0.0,1.202072,0.074863,0.062278,42,5.392317,1.0,0.0,syn_flood,abnormal,0.0,0.0,1.0,0.0,1.0,syn_flood,high
315,demo_http_flood.pcap#syn_flood,42,840.0,2268,54,0.0,1.0,0.0,1.0,1.0,0.0,42.0,42,1,42,1,5.392317,-0.0,5.392317,-0.0,1.194367,0.066376,0.055574,42,5.392317,1.0,0.0,syn_flood,abnormal,0.0,0.0,1.0,0.0,1.0,syn_flood,high
316,demo_http_flood.pcap#syn_flood,42,840.0,2268,54,0.0,1.0,0.0,1.0,1.0,0.0,42.0,42,1,42,1,5.392317,-0.0,5.392317,-0.0,1.205316,0.061342,0.050893,42,5.392317,1.0,0.0,syn_flood,abnormal,0.0,0.0,1.0,0.0,1.0,syn_flood,high
317,demo_http_flood.pcap#syn_flood,43,860.0,2322,54,0.0,1.0,0.0,1.0,1.0,0.0,43.0,43,1,43,1,5.426265,-0.0,5.426265,-0.0,1.17676,0.039692,0.03373,43,5.426265,1.0,0.0,syn_flood,abnormal,0.0,0.0,1.0,0.0,1.0,syn_flood,high
318,demo_http_flood.pcap#syn_flood,43,860.0,2322,54,0.0,1.0,0.0,1.0,1.0,0.0,43.0,43,1,43,1,5.426265,-0.0,5.426265,-0.0,1.181404,0.04821,0.040807,43,5.426265,1.0,0.0,syn_flood,abnormal,0.0,0.0,1.0,0.0,1.0,syn_flood,high
319,demo_http_flood.pcap#syn_flood,42,840.0,2268,54,0.0,1.0,0.0,1.0,1.0,0.0,42.0,42,1,42,1,5.392317,-0.0,5.392317,-0.0,1.195076,0.047393,0.039657,42,5.392317,1.0,0.0,syn_flood,abnormal,0.0,0.0,1.0,0.0,1.0,syn_flood,high
320,demo_http_flood.pcap#syn_flood,43,860.0,2322,54,0.0,1.0,0.0,1.0,1.0,0.0,43.0,43,1,43,1,5.426265,-0.0,5.426265,-0.0,1.183975,0.045171,0.038152,43,5.426265,1.0,0.0,syn_flood,abnormal,0.0,0.0,1.0,0.0,1.0,syn_flood,high
321,demo_http_flood.pcap#syn_flood,42,840.0,2268,54,0.0,1.0,0.0,1.0,1.0,0.0,42.0,42,1,42,1,5.392317,-0.0,5.392317,-0.0,1.191703,0.058927,0.049447,42,5.392317,1.0,0.0,syn_flood,abnormal,0.0,0.0,1.0,0.0,1.0,syn_flood,high
322,demo_http_flood.pcap#syn_flood,43,860.0,2322,54,0.0,1.0,0.0,1.0,1.0,0.0,43.0,43,1,43,1,5.426265,-0.0,5.426265,-0.0,1.18498,0.062685,0.052899,43,5.426265,1.0,0.0,syn_flood,abnormal,0.0,0.0,1.0,0.0,1.0,syn_flood,high
323,demo_http_flood.pcap#syn_flood,43,860.0,2322,54,0.0,1.0,0.0,1.0,1.0,0.0,43.0,43,1,43,1,5.426265,-0.0,5.426265,-0.0,1.178049,0.04076,0.034599,43,5.426265,1.0,0.0,syn_flood,abnormal,0.0,0.0,1.0,0.0,1.0,syn_flood,high
324,demo_http_flood.pcap#syn_flood,43,860.0,2322,54,0.0,1.0,0.0,1.0,1.0,0.0,43.0,43,1,43,1,5.426265,-0.0,5.426265,-0.0,1.171169,0.039073,0.033362,43,5.426265,1.0,0.0,syn_flood,abnormal,0.0,0.0,1.0,0.0,1.0,syn_flood,high
325,demo_http_flood.pcap#syn_flood,43,860.0,2322,54,0.0,1.0,0.0,1.0,1.0,0.0,43.0,43,1,43,1,5.426265,-0.0,5.426265,-0.0,1.176931,0.046077,0.03915,43,5.426265,1.0,0.0,syn_flood,abnormal,0.0,0.0,1.0,0.0,1.0,syn_flood,high
326,demo_http_flood.pcap#syn_flood,11,220.0,594,54,0.0,1.0,0.0,1.0,1.0,0.0,11.0,11,1,11,1,3.459432,-0.0,3.459432,-0.0,1.169014,0.04154,0.035534,11,3.459432,1.0,0.0,syn_flood,abnormal,0.0,0.0,1.0,0.0,1.0,syn_flood,high
